Constituency,Candidates,Sign,Party,Votes
PS-01,Sher Muhammad Mugheri,Arrow (12),PPP,48385
PS-01,Abdul Razzaque Khan,Charpai (56),IND,18115
PS-01,Mir Raja Khan Jakhrani,Clock (60),IND-PTI,4767
PS-01,Jan Muhammad,Crane (71),TLP,1365
PS-01,Deedar Ali Lashari,Scale (232),JIP,1236
PS-01,Bibi Asiya,Book (31),JUIF,451
PS-01,Asif Ali,Table (271),IND,393
PS-01,Muhammad Ayoub Solangi,Tooth Brush (287),IND,252
PS-01,Koura Khan,Wrench (329),IND,217
PS-01,Abdullah,Bed (23),IND,162
PS-01,Mir Asghar Ali Panhwar,Screw (236),IND,121
PS-01,Ghazanfar Ali Soomro,Door (87),IND,100
PS-01,Muhammad Usman,Bottle (32),IND,82
PS-01,Tahir Ali,Swallow (267),IND,79
PS-01,Mumtaz Khatoon,Queen (211),IND,72
PS-01,Zubeda Begum,Peacock (194),IND,62
PS-01,Raz Muhammad,Cricket Stumps (73),IND,57
PS-01,Muhammad Shahban,Wheel Chair (325),IND,49
PS-01,Munawar Ali,Kite (159),MQM-P,40
PS-01,Abdul Khalique,Laptop (163),IND,38
PS-01,Hafiz Mehrab,Radio (215),IND,35
PS-01,Jan Muhammad Mirbahar,Dolphin (85),IND,34
PS-01,Liaqat Ali Khoso,Transformer (294),IND,28
PS-01,Ghulam Mustafa,Goat (123),IND,27
PS-01,Rashid Ali,Alphabet 'A' (5),IND,21
PS-01,Muhammad Hanif,Parrot (193),IND,17
PS-02,Sohrab Khan Sarki,Arrow (12),PPP,53298
PS-02,Shafique Ahmed Khoso,Book (31),JUIF,47662
PS-02,Abdul hafeez Bijarani,Scale (232),JIP,853
PS-02,Riaz Ahmed,Crane (71),TLP,806
PS-02,Roshan ud Din,Charpai (56),IND,762
PS-02,Shah Jahan,Battery (21),IND,679
PS-02,Saleem Khan Buriro,Match Box (172),IND,432
PS-02,Saddam Hussain,Mobile Charger (176),IND-PTI,295
PS-02,Muhammad Khan Khoso,Mobile Charger (176),IND,159
PS-02,Muhammad Mohsin Khan Sarki,Tooth Brush (287),IND,139
PS-02,Ahmed Ali,Slate (248),IND,112
PS-02,Zohaib Zulfiqar Sarki,Aeroplane (2),IND,106
PS-02,Saleem Saif,Brick (35),IND,103
PS-02,Uroosa,Rabab (212),PPP-SB,66
PS-02,Adil Usman,Brush (38),IND,40
PS-02,Moula Bux,Dolphin (85),IND,36
PS-02,Sikandar Ali,Racket (214),IND,32
PS-02,Manzoor Ahmed,Peacock (194),IND,31
PS-02,Nawab Ali,Hand Pump (130),IND,25
PS-03,Mir Mumtaz Hussain Jakhrani,Charpai (56),IND,39600
PS-03,Mir Aurang Zaib Panhwar,Arrow (12),PPP,31587
PS-03,Arbab Khan,Crane (71),TLP,1032
PS-03,Shoaib Ahmed,Bench (26),IND,764
PS-03,Muhammad Noor,Axe (14),BNP,485
PS-03,Inayatullah,Scale (232),JIP,345
PS-03,Shafqat Hussain Jakhrani,Rabab (212),IND,270
PS-03,Maula Buksh Soomro,Screw Driver (237),IND,247
PS-03,Mir Shujaullah Panhwar,Screw (236),IND,195
PS-03,Irfan Ali,Racket (214),IND-PTI,189
PS-03,Suleman Khan,Match Box (172),IND,151
PS-03,Khan Muhammad Alias Gulzar Ahmed,Guitar (127),IND,114
PS-03,Liaqat Ali,Cage (45),IND,68
PS-03,Muhammad Farooque,Laptop (163),IND,64
PS-03,Iqbal Hussain,Peacock (194),IND,61
PS-04,Haji Abdul Rauf Khoso,Arrow (12),PPP,58046
PS-04,Mir Ghalib Hussain Khan,Study Table with Chair (263),IND,25758
PS-04,Manzoor Ahmed Khoso,Peacock (194),IND,3289
PS-04,Abdul Wahid Khoso,iron Stand (148},IND,622
PS-04,Wazir Ali,Scale (232),JIP,402
PS-04,Muhammad Akram,Fork (109),IND,318
PS-04,Ghulam Asghar Khan Chachar,Tooth Brush (287),IND,307
PS-04,Fida Hussain,Star (259),GDA,250
PS-04,Nazir Hussain,Crane (71),TLP,198
PS-04,Parvaiz Ahmed,Slate (248),IND,194
PS-04,Khalid Hussain,Deep Freezer (79),IND,159
PS-04,Begum Khatoon,Bulb (40),AWP,130
PS-04,Meer Khan,Coconut (62},IND,106
PS-04,Fazal Rehman,Trolley (297),IND,96
PS-04,Imtiaz Hussain Soomro,Charpai (56),IND,83
PS-04,Abdul Baqi,Rabab (212),IND,59
PS-04,Israr Ahmed,Dressing Table (89),IND,59
PS-04,Mir Hassan,Computer (167),IND,50
PS-04,Toheed Khan,Round Table (227},IND,46
PS-04,Bilawal Ali,Dolphin (85),IND,13
PS-04,Shah Ali Khan alias Shehak,Bottle (32),IND,8
PS-04,Muhammad Hanif,Lotus (168),IND,6
PS-05,Sardar Ghulam Abid,Arrow (12),PPP,31132
PS-05,Rabnawaz,Book (31),JUIF,21052
PS-05,Sardar Tegho Khan,Tiger (284),PML-N,10760
PS-05,Jamsher Ogahi,Fork (109),IND,581
PS-05,Shabir Ahmed,Bottle (32),PTI-N,517
PS-05,Ghulam Mustafa,Scale (232),JIP,475
PS-05,Imran Khan,Laptop (163),IND,456
PS-05,Alif Khan,Crane (71),TLP,263
PS-05,Jahan Khan,Suitcase (264),IND,232
PS-05,Sher Muhammad,Match Box (172),IND,225
PS-05,Ghulam Asghar Khan Chachar,Tooth Brush (287),IND,189
PS-05,Shafqat Hussain,Slate (248),IND,123
PS-05,Abdul Nabi,Table (271),IND,82
PS-05,Ahmed Raza,Brick (35),IND,59
PS-05,Abdul Azziz Samejo,Fridge (113),IND,27
PS-05,Naveed Ali,Computer (67),IND,24
PS-06,Mehboob Ali Khan Bijarani,Arrow (12),PPP,86365
PS-06,Abdul Qayoom,Book (31),JUIF,9945
PS-06,Abdul Nabi,Tiger (284),PML-N,2526
PS-06,Abdul Jabbar,Scale (232),JIP,753
PS-06,Sheraz Ali Bijarani,Suitcase (264),IND,638
PS-06,Kifayatullah,Fork (109),IND,342
PS-06,Imran Khan,Laptop (163),IND,192
PS-06,Zaryab Ali Bijarani,Slate (248),IND,187
PS-06,Irshad Ali,Crane (71),TLP,153
PS-06,Iltaf Hussain Khoso,Brick (35),IND,70
PS-06,Sardar Imranullah Sarki,Dolphin (85),IND,60
PS-06,Muhammad Sallah,Rabab (212),IND,38
PS-07,Imtiaz Ahmed Shaikh,Arrow (12),PPP,60354
PS-07,Agha Taimor Khan,Book (31),JUIF,44480
PS-07,Asghar Ali,Tent (282),MWM,2729
PS-07,Agha Shamas Ud Din Khan,Tooth Brush (287),IND,1852
PS-07,Abdul Qadir,Scale (232),JIP,1020
PS-07,Faraz Shaikh,Suitcase (264),IND,927
PS-07,Shafqat Ali,Electric Heater (94),IND,716
PS-07,Jameel Ahmed,Charpai (56),IND,271
PS-07,Tanweer Ahmed,Radio (215),IND,247
PS-07,Agha Shafqatullah,Fist (105),PPP-SB,172
PS-07,Shahid Ali,Key with Lock (156),IND,131
PS-08,Muhammad Arif Khan Mahar,Arrow (12),PPP,64016
PS-08,Abid Hussain Jatoi,Book (31),JUIF,51869
PS-08,Naeem Ahmed Khan Jatoi,Fork (109),IND,678
PS-08,Ameer Ali Jatoi,Tooth Brush (287),IND,461
PS-08,Ghous Bux Khan Mahar,Charpai (56),IND,400
PS-08,Shahida Parveen,Scale (232),JIP,397
PS-09,Agha Siraj Khan Durrani,Arrow (12),PPP,63760
PS-09,Rushdullah Shah,Book (31),JUIF,25634
PS-09,Chakar Khan,Crane (71),TLP,2697
PS-09,Muhammad Umar,Tiger (284),PML-N,2422
PS-09,Sarfaraz Ahmed,Scale (232),JIP,2224
PS-09,Barkat Ali,Radio (215),IND,541
PS-09,Israr Ahmed,Goat (123),IND,372
PS-09,Agha Mir Mustafa Khan Durani,Table (271),IND,262
PS-09,Muhammad Bux,Peacock (194),IND,217
PS-09,Abdul Waheed,Charpai (56),IND,182
PS-10,Faryal Talpur,Arrow (12),PPP,85917
PS-10,Kifayatullah,Book (31),JUIF,18475
PS-10,Muhammad Arshad Bhutto,Crane (71),TLP,3552
PS-10,Muhammad Bachal,Peacock (194),IND-PTI,1262
PS-10,Shahid Mian Bhutto,Fist (105),PPP-SB,1065
PS-10,Abbas Ali,Scale (232),JIP,940
PS-10,Asadullah,Match Box (172),IND,695
PS-10,Ghulam Mustafa Laghari,Suitcase (264),IND,641
PS-10,Muhammad Ali Abro,Kettle (153),IND,429
PS-10,Nadir Hussain,Iron (147),PRP,104
PS-100,Syed Muhammad Usman,Kite (159),MQM-P,21970
PS-100,Haider Ali Umrani,Arrow (12),PPP,15241
PS-100,Naeem Akhtar,Scale (232),JIP,12336
PS-100,Syed Muhammad Taha,HUMAN EYE انسانی انکھ,IND-PTI,8250
PS-100,Muhammad Shahnawaz,Crane (71),TLP,2094
PS-100,Sarwat Jawahir,Tiger (284),PML-N,1018
PS-100,Mehboob Ali,Tent (282),MML,629
PS-100,Aleem Adil Sheikh,,IND,564
PS-100,Mitha Khan,,IND,411
PS-100,Sajid Hussain,,IND,404
PS-100,Khuwaja Moin Hussain Siddiqui,Star (259),GDA,374
PS-100,Naveed Khursheed,,IND,322
PS-100,Muhammad Anwar Jabbar,,IND,292
PS-100,Muhammad Zubair,,IND,282
PS-100,Imran Shahzad,Eagle (93),IPP,274
PS-100,Noor Muhammad Khan,,IND,256
PS-100,Muhammad Asghar,,IND,254
PS-100,Muhammad Azhar Shafique Usmani,Candle (50),MQM,244
PS-100,Imran Bashir,,IND,230
PS-100,Abdul Sadiq Khan,,IND,226
PS-100,Muhammad Azhar Abbasi,,IND,221
PS-100,Rao Muhammad Irfan,,IND,208
PS-100,Khalid,,IND,205
PS-100,Kamran Khan Malik,,IND,199
PS-100,Saqib Ali,,IND,197
PS-100,Naveed Alam Siddiqui,,IND,190
PS-100,Jamal Nasir,,IND,178
PS-100,Izhar Ahmed,,IND,155
PS-100,Virda Farooq,,IND,150
PS-100,Daud Ahmed Fakhri,,PCP,143
PS-100,Waqas Ahmed,,IND,139
PS-100,Adeel Azam,,IND,138
PS-100,Agha Arsallan Khan,,IND,138
PS-100,Abdul Majeed,Iron (147),PRP,136
PS-100,Shakeel Ahmed,,IND,136
PS-100,Willayat Hussain,,IND,117
PS-100,Muhammad Shafiq,,IND,116
PS-100,Rehan Zafar Ahmed Ghori,,IND,113
PS-100,Obaid Ullah Khan,,IND,111
PS-100,Ghulam Habib Afridi,,IND,104
PS-100,Nadir Latif Khilji,,IND,97
PS-100,Muhammad Sohail,Lantern (162),ANP,93
PS-100,Syed Muhammad Umer Ferozi,,IND,71
PS-101,Moid Anver,Kite (159),MQM-P,43080
PS-101,Agha Arsalan Khan,BADGE بیج,IND-PTI,34745
PS-101,Syed Qutub Ahmed,Scale (232),JIP,23585
PS-101,Imran Ali Mithani,Arrow (12),PPP,9631
PS-101,Muhammad Farooq Noorani,Crane (71),TLP,2387
PS-101,Mehmood Ahmed,Iron (147),PRP,1703
PS-101,Sobia Kiran,Tiger (284),PML-N,1603
PS-101,Muhammad Mujtaba,,IND,537
PS-101,Ata Ul Mustafa Jameel Rathore,,IND,376
PS-101,Shazia Sohail,,IND,364
PS-101,Dilawer Jackson,,IND,297
PS-101,Farah Akhtar Siddiqui,,IND,219
PS-101,Muhammad Nasir Yousuf,,IND,182
PS-101,Muhammad Raheel,Eagle (93),IPP,164
PS-101,Ghulam Muhammad,,IND,157
PS-101,Syed Shah Yousuf Imam,,IND,146
PS-101,Malik Imtiaz,,PNP,120
PS-101,Jahanzaib Alam,,IND,100
PS-101,Syed Muhammad Hussain,,IND,99
PS-101,Syed Ahmed Sohail,,IND,96
PS-101,Tariq Ahmed,,IND,92
PS-101,Rao Muhammad Irfan,,IND,85
PS-101,Tabassum Farid,Candle (50),MQM,74
PS-101,Muhammad kashif Ghouri,,IND,73
PS-101,Nisar Ahmed,,IND,72
PS-101,Abdul Salam,,JUI-NP,71
PS-101,Syed Akbar,,IND,71
PS-101,Sajjad Ali,,IND,60
PS-101,Shahid Kath,,IND,60
PS-101,Ch. Muhammad Javed Ishaq,,IND,57
PS-101,Muhammad Farhan,,IND,57
PS-101,Manzar Ul Haq Thanvi,Star (259),GDA,50
PS-101,Jahanzaib Sardar Ali,T-SHIRT ٹی شرٹ,IND-PTI,45
PS-101,Zubair Akram,,IND,34
PS-101,Muhammad Azhar Alam,,IND,33
PS-101,Asma Nadeem,,IND,27
PS-101,Khurram Noorani,,IND,26
PS-101,Nadir Latif Khilji,,IND,17
PS-101,Ali Tahir,,IND,8
PS-101,Nazra Bano,,IND,5
PS-101,M. Ashraf Jabbar,,IND,1
PS-101,Zahid Anwar,,IND,1
PS-101,Muhammad Arif,Lantern (162),ANP,1
PS-102,Muhammad Aamir Siddiqui,Kite (159),MQM-P,25330
PS-102,Muhammad Najeed Ayubi,Scale (232),JIP,19512
PS-102,Jamal Uddin Siddiqui,CRICKET STUMPS کرکٹ وکٹ,IND-PTI,18720
PS-102,Aqraba Fatima,Arrow (12),PPP,11526
PS-102,Muhammad Hussain,Crane (71),TLP,5945
PS-102,Muhammad Khalid,,IND,3081
PS-102,Syed Nisar Shah,Tiger (284),PML-N,1345
PS-102,Asghar Hussain Manekia,Tent (282),MWM,579
PS-102,Muhammad Arif,Tent (282),MML,279
PS-102,Muhammad Nasir Akbani,,IND,226
PS-102,Hafiz Muhammad Sharyar Khan,,IND,201
PS-102,Syed Rasheed Ahmed,,IND,153
PS-102,Farhan Gulab Khan,,IND,150
PS-102,Umaid Ali Junejo,Eagle (93),IPP,118
PS-102,Sami Ullah,Lantern (162),ANP,112
PS-102,Muhammad Ayaz Qureshi,,IND,111
PS-102,Muhammad Ihtisham,,IND,110
PS-102,Adeel Azam,,IND,108
PS-102,Musarrat Jabeen,,IND,108
PS-102,Muhammad Shahwaiz Khan,,PNP,70
PS-102,Irfan Khetani,,IND,58
PS-102,Altaf,,IND,53
PS-102,Shafaq Khalil,Candle (50),MQM,36
PS-102,Syed Arshad Hasan,,IND,33
PS-102,Ali Ahmed Rafiq Surmawala,,IND,23
PS-102,Muhammad Zahid,,IND,18
PS-102,Muhammad Sajid,,IND,16
PS-102,Muhammad Tariq Mansoor,,IND,16
PS-103,Faisal Rafiq,Kite (159),MQM-P,15870
PS-103,Muhammad Yunus,Scale (232),JIP,12345
PS-103,Ali Ahmed Palh,TABLE TENNIS BAT ٹیبل ٹینس کا بیٹ,IND-PTI,9778
PS-103,Muhammad Bilal Raza,Crane (71),TLP,5685
PS-103,Thakur Zulfiqar Ali Kaim Khani,Arrow (12),PPP,3441
PS-103,Noor Ahmed Khan,,IND,2010
PS-103,Asghar Hussain Manekia,,IND,1754
PS-103,Syed Muhammad Danish,,IND,957
PS-103,Muhammad Noman Khan,,IND,931
PS-103,Muhammad Adnan,Candle (50),MQM,745
PS-103,Muazzama Arjumand,Tiger (284),PML-N,642
PS-103,Asif Azam,,IND,310
PS-103,Shoaib,,IND,306
PS-103,Ambreen Malik,,IND,183
PS-103,Muhammad Imran,,IND,83
PS-103,Muhammad Khalid,Tent (282),MML,74
PS-103,Syed Arshad Hasan,,IND,73
PS-103,Waqar Ahmed,,IND,73
PS-103,Rizwan Khan,Eagle (93),IPP,71
PS-103,Nisar Ahmed,,IND,69
PS-103,Syed Akif Uddin,,IND,69
PS-103,Syed Shamim Haider,,IND,67
PS-103,Muhammad Ali Aziz,,IND,66
PS-103,Rafaqat,,IND,57
PS-103,Muhammad Naseem,,IND,52
PS-103,Noman Ali,,IND,49
PS-103,Muhammad Shoaib,,IND,48
PS-103,Muhammad Imran,,IND,44
PS-103,Hafiz Muhammad Sharyar Khan,,IND,37
PS-103,Jamal Uddin,,IND,31
PS-103,Muhammad Mursaleen,,IND,27
PS-103,Noman Hameed,,IND,16
PS-104,Muhammad Daniyal,Kite (159),MQM-P,30465
PS-104,Muhammad Junaid Mukati,Scale (232),JIP,23588
PS-104,Amjad Asif Jah,LAPTOP لیپ ٹاپ,IND-PTI,8488
PS-104,Muhammad Akram,Arrow (12),PPP,4922
PS-104,Amjad Ali Asif,Tiger (284),PML-N,2652
PS-104,Abdul Sattar,Crane (71),TLP,2288
PS-104,Farhat Ullah Khan,,IND,969
PS-104,Hafiz Ghulam Mustafa,,IND,763
PS-104,Mustaqeem Ahmed Siddiqi Qadri,,IND,315
PS-104,Abdul Sattar,Eagle (93),IPP,202
PS-104,Muhammad Yousuf,,IND,131
PS-104,Muhammad Sohaib,,IND,127
PS-104,Muhammad Umer Khan,Tent (282),MML,83
PS-104,Rana Tanzeel Ur Rehman,,IND,78
PS-104,Syed Matloob Hussain Shah Kazmi,,IND,67
PS-104,Ali Ahmed Palh,,IND,63
PS-104,Liaquat Hussain Khan,,IND,56
PS-104,Abdul Qadir,,IND,53
PS-104,Aurangzeb Kashif Ali,,IND,51
PS-104,Muhammad Sohail Tariq,,IND,50
PS-104,Muhammad Tariq Mansoor,,IND,49
PS-104,Syeda Sara Kanwal Shahid,,IND,48
PS-104,Muhammad Tasneem,Candle (50),MQM,42
PS-104,Ali Ahmed Rafiq Surmawala,,IND,41
PS-104,Sohaib Azhar Butt,,IND,41
PS-104,Syed Mohsin Razi,,IND,24
PS-104,Naufil Shah Daud,,IND,17
PS-104,Uzair Hanif,,IND,17
PS-104,Wali Muhammad Abbasi,,IND,13
PS-104,Musarat Shah,,IND,11
PS-105,Saeed Ghani,Arrow (12),PPP,26168
PS-105,Irfanullah Khan Marwat,Star (259),GDA,20111
PS-105,Hanif Khan,CRICKET STUMPS کرکٹ وکٹ,IND-PTI,11277
PS-105,Khalid Mehmood,Crane (71),TLP,3227
PS-105,Shamim Begum,Tiger (284),PML-N,2076
PS-105,Muhammad Mohsin,,IND,923
PS-105,Israr Ahmed Abbasi,,IND,293
PS-105,Syed Usama Akhtar,Tent (282),MML,217
PS-105,Muhammad Muslim Mujahid,,IND,181
PS-105,Muhammad Hanif Khan,,IND,154
PS-105,Ilyas Ahmed Awan,,IND,102
PS-105,Muhammad Zeeshan,,IND,90
PS-105,Abdullah Khan,,IND,79
PS-105,Danish Zafar,Candle (50),MQM,73
PS-105,Farhan Ghani,,IND,65
PS-105,Rehmatullah,,IND,62
PS-105,Muhammad Irfan,,IND,47
PS-105,Muhammad Akber Shaikh,,IND,46
PS-105,Syed Arshad Hassan,,IND,45
PS-105,Muhammad Javed,,IND,42
PS-105,Muhammad Tariq,,IND,42
PS-105,Muhammad Fareed,,IND,40
PS-105,Shaikh Khalid Sultan,,IND,39
PS-105,Rustam Khan Khattak,,IND,33
PS-105,Qamar Ahmed Khan,,IND,31
PS-105,Tanveer Ahmed,,IND,31
PS-105,Amir Jameel,,IND,29
PS-105,Hafiz Ghulam Mustafa,,IND,29
PS-105,Mohammad Akhtar Ghori,,IND,29
PS-105,Muhammad Riaz,,IND,29
PS-105,Hamid Hussain,,IND,15
PS-105,Muhammad Shahzad,,IND,13
PS-106,Sajjad Ali,Dhol ڈھول,IND-PTI,20658
PS-106,Usman Ghani,Arrow (12),PPP,16854
PS-106,Syed Abdul Rasheed,Scale (232),JIP,15873
PS-106,Muhammad Shakeel,Crane (71),TLP,12524
PS-106,Nasir Mahmood,Book (31),JUIF,5090
PS-106,Adam Ishaque Sanghaar,,IND,649
PS-106,Muhammad Iqbal,,IND,632
PS-106,Mian Khail,,SKQM,255
PS-106,Muhammad Imran,Tent (282),MML,138
PS-106,Javed Akhtar,,IND,125
PS-106,Noor Muhammad,,IND,99
PS-106,Maula bukhsh Soomro,,IND,98
PS-106,Gul Saeed Bizanjo,,IND,84
PS-106,Prem Ji,,IND,68
PS-106,Taj Uddin Siddique,,IND,59
PS-106,Muhammad Zameen,Lantern (162),ANP,40
PS-106,Afshan,,IND,32
PS-106,Shakir Altaf,,IND,24
PS-106,Almas Azam,Star (259),GDA,21
PS-107,Muhammad Yousuf,Arrow (12),PPP,26902
PS-107,Khalid,Dhol ڈھول,IND-PTI,19673
PS-107,Mehmood Essa,Scale (232),JIP,13820
PS-107,Tanveer Ahmed Khan,Tiger (284),PML-N,4871
PS-107,Syed Ali Usama Qadri,Crane (71),TLP,3513
PS-107,Ahmed,,IND,625
PS-107,Muhammad Zahoor,,IND,504
PS-107,Abdullah Dasti,,IND,240
PS-107,Muhammad,Tent (282),MML,225
PS-107,Junaid Ahmed,,IND,130
PS-107,Ghulam Hussain Kurd,,IND,123
PS-107,Irfanullah Khan Niazi,,IND,116
PS-107,Prem Ji,,IND,88
PS-107,Nadir Gabool,,IND,72
PS-107,Muhammad Ameen,,IND,49
PS-107,Muhammad Saleem,,IND,44
PS-107,Huma Bano,Star (259),GDA,42
PS-107,Peer Bux,,IND,39
PS-107,Shahid Ali,,IND,36
PS-107,Saleh Muhammad,,IND,30
PS-107,Asif Yousuf,,IND,27
PS-107,Wahab Ahmed Hashmi,,IND,17
PS-108,Muhammad Dilawar,Kite (159),MQM-P,20014
PS-108,Murad Sheikh,Dhol ڈھول,IND-PTI,16850
PS-108,Ibrat,Scale (232),JIP,14438
PS-108,Sultan Ahmed,Crane (71),TLP,9457
PS-108,Muhammad Fayyaz Pirzada,Arrow (12),PPP,9438
PS-108,Muhammad Tahseen,,IND,1232
PS-108,Shehroz,,IND,1156
PS-108,Raghib Bashir,,IND,835
PS-108,Muhammad Noman,Tent (282),MML,601
PS-108,Irfan Ullah Khan Niazi,,IND,428
PS-108,Shaneel,,IND,361
PS-108,Farhan Siddique,,IND,263
PS-108,Syed Muhammad Khurrum Shah,Star (259),GDA,261
PS-108,Waseem Khan,,IND,219
PS-108,Imran Parvani,Eagle (93),IPP,204
PS-108,Kausar Saba,,IND,144
PS-108,Ghulam Hussain Kurd,,IND,132
PS-108,Aloo Mal,Tractor (292),PML,100
PS-108,Muhammad Jamil,,IND,67
PS-108,Hafiz Muhammad Asim,,IND,66
PS-108,Tousiq Ali Hoti,,IND,63
PS-108,Asif Rais,,IND,60
PS-108,Muhammad Hasaam,,IND,59
PS-108,Uzma Shameem,,IND,40
PS-108,Malik Noor Ahmed,,IND,35
PS-108,Anita,,IND,26
PS-108,Muhammad Kamran,,IND,21
PS-108,Mirza Faisal Manzoor,,IND,18
PS-108,Naeem Nagori,,IND,17
PS-109,Bilal Hussain Khan Jadoon,Dhol ڈھول,IND-PTI,27854
PS-109,Muhammad Zikr Mehnti,Scale (232),JIP,12825
PS-109,Muhammad Ahmed Raza,Crane (71),TLP,10047
PS-109,Abdul Razzaq Sangani,Arrow (12),PPP,7257
PS-109,Itihar Ali Kaimkhani,Kite (159),MQM-P,6500
PS-109,Erum Anis,,IND,1311
PS-109,Mehmood Hussain,Tiger (284),PML-N,1259
PS-109,Ibrahim Banglani,,IND,330
PS-109,Abdul Qayyum,,IND,242
PS-109,Raza Ullah Khan,,IND,222
PS-109,Muhammad Bilal Sabir,,IND,217
PS-109,Arif Khan Chagarzai,,IND,125
PS-109,Abdul Razzaq,,IND,106
PS-109,Ali Ahmed Palh,,IND,91
PS-109,Javed,Lantern (162),ANP,77
PS-109,Abdul Rafay,Tent (282),MML,69
PS-109,Muhammad Tariq Hasan,Tractor (292),PML,58
PS-109,Muammad Zeeshan,,IND,58
PS-109,Muhammad Imran,,IND,47
PS-109,Salahuddin,,IND,29
PS-109,Muhammad Rehman,,IND,27
PS-109,Muhammad Sohail Samla,Eagle (93),IPP,24
PS-109,Haresh Kumar,,IND,24
PS-109,Agha Arslan Khan,,IND,18
PS-109,Muhammad Asif Khan,,IND,18
PS-109,Shahid Hussain Noonari,,IND,15
PS-109,Sikandar Agar,,IND,15
PS-109,Muhammad Iqbal Kashmiri,,IND,12
PS-109,Noman Ali,,IND,12
PS-109,Raghib Bashir,,IND,9
PS-109,Syed Adil Askari,,IND,6
PS-109,Syed Farhan Ahmed,,IND,5
PS-11,Jameel Ahmed Soomro,Arrow (12),PPP,41158
PS-11,Kazim Ali Khan,Star (259),GDA,20807
PS-11,Mahjabeen,Dove (88),IND-PTI,2078
PS-11,Abdul Rauf Shaikh,Clock (60),IND,1094
PS-11,Nadir Ali,Scale (232),JIP,517
PS-11,Nazir Ahmed Memon,Aeroplane (2),IND,455
PS-11,Liaqat Ali Umrani,Fist (105),PPP-SB,403
PS-11,Ali Asghar Abbasi,Racket (214),IND,374
PS-11,Imran Hussain,MIC (174),IND,220
PS-11,Nadir Ali,Kite (159),MQM-P,136
PS-11,Shahbaz Bhutto,Dolphin (85),IND,135
PS-11,Rafay Ali Abbasi,Guitar (127),IND,133
PS-11,Asif Ali,Peacock (194),IND,124
PS-11,Khair Muhammad,Lotus (168),IND,90
PS-11,Bashir Ahmed,Motorcycle (179),PAT,88
PS-11,Karimdad Mari,Wall (315),IND,82
PS-11,Abdul Rauf,Key with Lock (156),IND,79
PS-11,Zahid Hussain,Wheel Barrow (324),IND,54
PS-110,Rehan Bandukda,Dhol ڈھول,IND-PTI,47450
PS-110,Sufian,Scale (232),JIP,22630
PS-110,Syed Najmi Alam,Arrow (12),PPP,18949
PS-110,Babar Anwar,Tiger (284),PML-N,4668
PS-110,Mohammad Jibran Nasir,,IND,3834
PS-110,Shariq Naseem,Kite (159),MQM-P,3023
PS-110,Masood Ahmed,Crane (71),TLP,2013
PS-110,Ibrahim Banglani,,IND,948
PS-110,Khuram Ilyas,,IND,442
PS-110,Shahab Imam,,IND,324
PS-110,Ali Ahmed Palh,,IND,295
PS-110,Batool Fatima,Star (259),GDA,185
PS-110,Muhammad Ilyas,,IND,147
PS-110,Shahid Hussain Noonari,,IND,105
PS-110,Junaid Memon,Tent (282),MML,103
PS-110,Jawed Khan,Lantern (162),ANP,91
PS-110,Bilal Hussain Khan Jadoon,,IND,77
PS-110,Ahmed Shabbar,,IND,72
PS-110,Shikoh Zaman Safvi,,IND,69
PS-110,Muhammad Iqbal Kashmiri,,IND,67
PS-110,Sardar Aziz,,IND,67
PS-110,Rameez Manzoor,Tractor (292),PML,53
PS-110,Zahoor Uddin,,IND,51
PS-110,Waheed Hussain Rind,Eagle (93),IPP,48
PS-110,Habib Tahir,,IND,44
PS-110,Sanjay Perwani,,IND,38
PS-110,Mian Ilyas Muhammad Abbasi,,IND,30
PS-110,Amjad Gujjar,,IND,28
PS-110,Agha Arslan Khan,,IND,26
PS-110,Asfand Yar Khan,,IND,26
PS-110,Shaikh Zulkafeel Maqsood,,IND,24
PS-110,Ghulam Muhammad Banglani,,IND,22
PS-110,Shagufta Nasreen,,IND,22
PS-110,Haresh Kumar,,IND,21
PS-110,Ali Nawab,,IND,18
PS-110,Saif Ullah Khan,,IND,16
PS-110,Bahadur Ali,,IND,14
PS-110,Ali Ahmed Rafiq Surmawala,,IND,12
PS-110,Fahad Ali Butt,,IND,11
PS-110,Raza Ullah Khan,,IND,11
PS-110,Aadil Riaz,,IND,9
PS-110,Odhu Mal,,IND,8
PS-111,Liaquat Ali Askani,Arrow (12),PPP,29396
PS-111,Amjad Iqbal Afridi,TABLE میز,IND-PTI,7743
PS-111,Umar Sadiq,Book (31),JUIF,4573
PS-111,Ghulam Mustafa,Scale (232),JIP,4098
PS-111,Syed Zia Uddin,Crane (71),TLP,2991
PS-111,Fayyaz Ul Haq Khan,Kite (159),MQM-P,1621
PS-111,Mirza Faisal Baig,,IND,381
PS-111,Muhammad Yousuf,,IND,153
PS-111,Muhammd Zahid,,IND,102
PS-111,Zulfiqar Ali Channa,,IND,89
PS-111,Naveed Ahmed,,PNP,84
PS-111,Muhammd Aslam,,IND,68
PS-111,Muhammad Suleman,,IND,59
PS-111,Abdul Hafeez,Star (259),GDA,59
PS-111,Nadir Shah,,IND,58
PS-111,Abdul Hakeem Askani,,IND,54
PS-111,Abdul Razzaq,Iron (147),PRP,53
PS-111,Faqeer Muhammad Somroo,,IND,32
PS-111,Raja Abdul Qadeer Turk,Butterfly (44),HQM,19
PS-112,Sirbuland Khan,TABLE میز,IND-PTI,16287
PS-112,Muhammad Asif,Arrow (12),PPP,10784
PS-112,Muhammad Akram,Kite (159),MQM-P,5571
PS-112,Syed Khaleeq Ur Rehman,Scale (232),JIP,5248
PS-112,Ghulam Shoaib,Tiger (284),PML-N,4150
PS-112,Muhammad Usman,Crane (71),TLP,4143
PS-112,Muhammad Dawood,,SKQM,850
PS-112,Qadeem Shah,Lantern (162),ANP,545
PS-112,Muhamma Saleem,,IND,319
PS-112,Muhammad Rafiq Khan,Butterfly (44),HQM,262
PS-112,Saleem Ullah,Iron (147),PRP,233
PS-112,Atta Ur Rehman,,IND,197
PS-112,Ibrahim Banglani,,IND,191
PS-112,Malik Shahzad Awan,,IND,174
PS-112,Muhammad Karam,,IND,141
PS-112,Fayaz Naseem,,IND,139
PS-112,Abdul Rehman Rehmani,,IND,132
PS-112,Abdul Wahab,Tent (282),MML,115
PS-112,Khawaja Talal Shoaib,,IND,98
PS-112,Muhammad Hussain,,IND,71
PS-112,Muhammad Usman khan,,IND,70
PS-112,Umer Daraz Khan,,IND,63
PS-112,Fazal Ahmed,,IND,28
PS-112,Babar Ali,,IND,27
PS-112,Muhammad Kamran Shafi,,IND,25
PS-112,Raja Muhammad Imran,,IND,25
PS-112,Saddam Hussain,,IND,25
PS-112,Najeeb Ullah Khan Niazi,,IND,20
PS-112,Raheem Khan,,IND,18
PS-112,Asmat Ullah,,IND,17
PS-112,Abid Hussain,,IND,16
PS-112,Muhammad Tariq Tanoli,,TSH,15
PS-112,Muahmmad Rizwan Ishaq,,IND,15
PS-112,Taslem Sarfaraz,,IND,10
PS-112,Muhammad Faisal,,IND,5
PS-113,Faheem Ahmed,Kite (159),MQM-P,24465
PS-113,Ghulam Qadir,TABLE میز,IND-PTI,21031
PS-113,Hafiz Ghulam Sarwar,Crane (71),TLP,10383
PS-113,Muhammad Arshad Qureshi,Scale (232),JIP,7588
PS-113,Muhammad Ibrahim Baloch,Arrow (12),PPP,7093
PS-113,Salheen,Tiger (284),PML-N,5457
PS-113,Tariq Aziz,,IND,1254
PS-113,Israr Uddin,Lantern (162),ANP,905
PS-113,Sarfaraz,,IND,399
PS-113,Hammad Ahmed,Tent (282),MML,238
PS-113,Ehsan Ullah,,IND,228
PS-113,Zahir Shah,,IND,184
PS-113,Muhammad Tahir Shah,,IND,152
PS-113,AghA Muhammad Naeem Durrani,,IND,113
PS-113,ameer umar,,IND,94
PS-113,Muhammad Masood khan,,IND,82
PS-113,Muhammad Aslam,,IND,80
PS-113,Dilnawaz Ahmed,,IND,69
PS-113,Shehzad Hussain Shah,,IND,60
PS-113,Hasnain Ali Chohan,,IND,47
PS-113,Riaz Ahmed,,IND,45
PS-113,Nazar Muhammad Afridi,,IND,38
PS-113,Muhammad Waseem,,IND,13
PS-113,Muhammad Usman Ghani Awan,,IND,12
PS-113,Muhammad Sharjeel Jafri,,IND,6
PS-114,Muhammad Shabbir,TABLE میز,IND-PTI,21531
PS-114,Niaz Muhammad,Arrow (12),PPP,14559
PS-114,Abdul Razzak,Scale (232),JIP,13132
PS-114,Muhammad Usman,Book (31),JUIF,7111
PS-114,Fayyaz Kaim Khani,Kite (159),MQM-P,3831
PS-114,Ahsan Ul Haq,Crane (71),TLP,3622
PS-114,Altaf Hussain Mengal,,IND,2098
PS-114,Habib Ur Rehman,Tractor (292),PML,707
PS-114,Khalid Rafiq,,IND,331
PS-114,Imran Ali Khan,,IND,327
PS-114,Raza Ullah Khan,,IND,215
PS-114,Abdul Qadir,Tent (282),MML,184
PS-114,Sher Muhammad,,IND,143
PS-114,Iqbal Hussain,Iron (147),PRP,139
PS-114,Noor Shah,,SKQM,130
PS-114,Arshad Sohail,,IND,87
PS-114,Inam Ur Rehman,,IND,78
PS-114,Shoukat Ali Khan Afridi,,IND,72
PS-114,Sher Roshan Khan,Eagle (93),IPP,69
PS-114,Muhammad Shakir Ur Rehman,,IND,68
PS-114,Abdul Basit,,IND,52
PS-114,Abbas Ur Rehman Afridi,,IND,39
PS-114,Muhammad Tufail,,IND,38
PS-114,Bilal Khan,,IND,36
PS-114,Habib Ullah,,IND,34
PS-114,Habib Ur Rehman,,IND,34
PS-114,Muhib Ullah Khan,,IND,34
PS-114,Muhammad Waris,,IND,31
PS-114,Nadir Shah,,IND,30
PS-114,Sajjad Ahmed,Butterfly (44),HQM,30
PS-114,Lahore Khan,Tree (295),PKMAP,19
PS-114,Muhammad Pervaiz,,IND,9
PS-114,Arsalan Saleem Khan,,IND,4
PS-115,Ilyas,,PMLSAF,
PS-115,Ali Raza,Iron (147),PRP,
PS-115,Muhammad Saleem,Tractor (292),PML,
PS-115,Ameer Muhammad Kakar,Tree (295),PKMAP,
PS-115,Ahmed Bilal,Kite (159),MQM-P,
PS-115,Sajjad Hussain,Tent (282),MML,
PS-115,Muhammad Tayyab Khan,Scale (232),JIP,
PS-115,Sarfaraz Khan Jadoon,Lantern (162),ANP,
PS-115,Shah Nawaz Jadoon,TABLE میز,IND-PTI,20609
PS-115,Muhammad Asif Khan,Arrow (12),PPP,18939
PS-115,Muhammad Anwar Ul Islam,Crane (71),TLP,6119
PS-115,Sahibzada,,IND,53
PS-116,Sher Muhammad,,MOTP,
PS-116,Syed Bilal Hussain Shah,Crane (71),TLP,
PS-116,Muhammad Shafiq,Iron (147),PRP,
PS-116,Imran,Tiger (284),PML-N,
PS-116,Muhammad Raheel Khan,Kite (159),MQM-P,
PS-116,Rabistan Khan,RACKET ریکٹ,IND-PTI,
PS-116,Muhammad Ilyas Salfi,Tent (282),MML,
PS-116,Muhammad Abul Zia Pervez,Scale (232),JIP,
PS-116,Muhammad Feroze,Eagle (93),IPP,
PS-116,Ahsan Ullah,Lantern (162),ANP,
PS-116,Ali Ahmed,Arrow (12),PPP,7085
PS-116,Hassan Ali,,IND,3640
PS-117,Sheikh Abdullah,Kite (159),MQM-P,11154
PS-117,Tariq Hussain,CRICKET STUMPS کرکٹ وکٹ,IND-PTI,9617
PS-117,Syed Muhammad Rizwan Shah,Scale (232),JIP,5178
PS-117,Qais Mansoor Shiekh,Crane (71),TLP,3093
PS-117,Muhammad Jamil Akhter Khan,,IND,2144
PS-117,Shamim Mumtaz,Arrow (12),PPP,1731
PS-117,Muhammad Sadiq Khan,Tiger (284),PML-N,483
PS-117,Muhammad Mairaj Ali,Fist (105),PPP-SB,123
PS-117,Imran Khan,,IND,115
PS-117,Ruqayya Bibi,Book (31),JUIF,106
PS-117,Sharjeel Baig Mughal,,IND,103
PS-117,Mohsin Mian Siddiqui,,IND,100
PS-117,Muhammad Abid,Iron (147),PRP,85
PS-117,Syed Muhammad Asif Raza,,IND,57
PS-117,Abdi Ali,Eagle (93),IPP,54
PS-117,Umair Rehman Joiya,Star (259),GDA,36
PS-117,Abdul Sattar,,IND,28
PS-117,Muhammad Ameer Hamza,,IND,27
PS-117,Muhammad Ahmed Khan,,IND,18
PS-117,Intisar Ahmed Khan,,IND,17
PS-117,Faizan Hussain,,IND,16
PS-117,Basit Ahmed Siddiqui,,IND,15
PS-117,Moiz Ahmed,,IND,14
PS-117,Bilawal Chandio,,IND,12
PS-117,Junaid Hayat,,IND,10
PS-117,Kaleem Ullah,,IND,9
PS-117,Muhammad Nawaz,,IND,9
PS-117,Muhmmad Ibrahim,,IND,9
PS-117,Muhammad Mubashir Ahmed,,IND,7
PS-117,Raghib Bashir,,IND,7
PS-118,Naseer Ahmed,Kite (159),MQM-P,9740
PS-118,Salih Zada,RACKET ریکٹ,IND-PTI,7136
PS-118,Jan Muhammad Gabool,Arrow (12),PPP,6971
PS-118,Abdul Majeed,Scale (232),JIP,3541
PS-118,Muhammad Khalid,Book (31),JUIF,3404
PS-118,Shaukat Khan,Crane (71),TLP,1458
PS-118,Ahmed Jan,,SKQM,632
PS-118,Muhammad Dawood,Iron (147),PRP,623
PS-118,Amir Nawab,Lantern (162),ANP,622
PS-118,Jamshid Ahmed Khan,,IND,360
PS-118,Abdul Saleem,,IND,358
PS-118,Wahid Ali Khan,Eagle (93),IPP,249
PS-118,Arshad Ali,,IND,249
PS-118,Abdul Qayyum,,IND,239
PS-118,Taimour Ali,Butterfly (44),HQM,203
PS-118,Shakir Ullah,,IND,193
PS-118,Daulat Khan,,IND,179
PS-118,Farhan Jan,Bottle (32),PTI-N,169
PS-118,Rashed Khan,,IND,164
PS-118,Abdul Manan,,IND,157
PS-118,Zar feroz khan,,IND,155
PS-118,Abdul Nabi,,IND,150
PS-118,Muhammad Essa,,IND,132
PS-118,Muhammad Ashraf,,IND,100
PS-118,Shams Ul Akbar,,IND,89
PS-118,Sarfaraz Khan Niazi,,IND,64
PS-118,Abdul latif rind,,IND,43
PS-118,Muhammad Saleem,,IND,27
PS-118,Muhammad Ameer Hamza,,IND,23
PS-119,Ali Khurshidi,Kite (159),MQM-P,22020
PS-119,Saeed Ahmed,AEROPLANE ہوای جہاز,IND-PTI,16326
PS-119,Abdul Hannan Khan,Scale (232),JIP,11765
PS-119,Akram Pervaiz,,IND,7232
PS-119,Tahir Iqbal,Crane (71),TLP,6131
PS-119,Anwar Zaib,Lantern (162),ANP,3523
PS-119,Shahida Rehmani,Arrow (12),PPP,3427
PS-119,Muhammad Arif,,IND,3225
PS-119,Syed Muhammad Jameel,Tiger (284),PML-N,1219
PS-119,Muhammad Adil,Iron (147),PRP,1180
PS-119,Imran Aziz,,IND,728
PS-119,Muhammad Ameer Hamza,,IND,696
PS-119,Abdul Jalil Khan,,IND,528
PS-119,Rooh Ul Amin,,IND,440
PS-119,Attai Rabi,,IND,357
PS-119,Syed Waqar Ahmed,Eagle (93),IPP,247
PS-119,Fahad Imam Malik,,IND,197
PS-119,Muhammad Yahya,Tent (282),MML,179
PS-119,Adnan Anjum,,IND,176
PS-119,Jahangir Sardar,,IND,162
PS-119,Muhammad Aslam Parvaiz,,IND,112
PS-119,Habib Ullah Khan,,PNAP,87
PS-119,Misbah Ul Alam,,IND,84
PS-119,Karim Ullah Khan,,IND,65
PS-119,Taimor Khan,,IND,46
PS-119,Naila Yousuf,,IND,45
PS-119,Farah Raees,,IND,43
PS-119,Abid Khan,,IND,39
PS-12,Suhail Anwar Siyal,Arrow (12),PPP,54077
PS-12,Moazam Ali Khan Abbasi,Star (259),GDA,31850
PS-12,Abdul Razaque,Crane (71),TLP,1517
PS-12,Rafay Ali Abbasi,Tooth Brush (287),IND,1011
PS-12,Ghulam Murtaza,Bottle (32},IND-PTI,549
PS-12,Ali Gul,Scale (232),JIP,391
PS-12,Muhammad Ishaque Mahar,Charpai (56),IND,326
PS-12,Asif Ali,Aeroplane (2),IND,222
PS-12,Shahrukh Khan Siyal,Laptop (163),IND,164
PS-12,Rashid Ali,Door (87),IND,144
PS-12,Zafar Anwar,Peacock (194),IND,97
PS-12,Abdul Rauf Shaikh,Clock (60),IND,55
PS-12,Nazar Ali Mugheri,Motorcycle (179),PAT,52
PS-120,Mazahir Amin Khan,Kite (159),MQM-P,35789
PS-120,Syed Shafiq,RACKET ریکٹ,IND-PTI,21097
PS-120,Nazar Muhammad,Scale (232),JIP,13170
PS-120,Hameed Ullah Khan,Crane (71),TLP,6685
PS-120,M Kifayatullah,Arrow (12),PPP,6591
PS-120,Abdul Kabir,Lantern (162),ANP,4331
PS-120,Mumtaz Khan Tanoli,Tiger (284),PML-N,2630
PS-120,Muhammad Arif,,IND,2600
PS-120,Syed Mairaj Uddin,,IND,2104
PS-120,Muhammad Aslam KK,,IND,1808
PS-120,Aftab Ahmed,,IND,1681
PS-120,Imdad Ali,Tent (282),MML,1394
PS-120,Akhtar Nawaz,Butterfly (44),HQM,1371
PS-120,Muhammad Dawood,,IND,1132
PS-120,Abdul Waqar Khan,,TTP,1069
PS-120,Abdul Hamid,Iron (147),PRP,1042
PS-120,Muhammad Mustafa,,IND,1023
PS-120,Hyder Shah,,IND,956
PS-120,Rehman Uddin,,IND,928
PS-120,Muhammad Ejaz Fazal,,PNP,906
PS-120,Faheem Shehzad,,IND,750
PS-120,shariq naveed,,IND,730
PS-120,Noor Ul Haq Attari,,IND,638
PS-120,Sarwary Iqbal,,PCP,545
PS-120,Kamran Khan,,IND,521
PS-120,Naila Yousuf,,IND,492
PS-120,SOHAIL KHAN,,IND,429
PS-121,Eijaz Ul Haq,Kite (159),MQM-P,26454
PS-121,Shakeel Ahmad,RACKET ریکٹ,IND-PTI,21460
PS-121,Muhammad Mudasir Hussain Ansari,Scale (232),JIP,17592
PS-121,Abid Hussain,Crane (71),TLP,11377
PS-121,Muhammad Aleem,Arrow (12),PPP,3329
PS-121,Naila Yousuf,,IND,2954
PS-121,Syed Muhammad Hasnain,,IND,938
PS-121,Mohi Uddin,,IND,837
PS-121,Niaz Ahmed Malik,Tiger (284),PML-N,739
PS-121,Abdul Rehman,Tent (282),MML,500
PS-121,Syed Muhammad Saleem,,IND,416
PS-121,Muhammad Nadeem,,IND,334
PS-121,Tariq Iqbal,,IND,288
PS-121,Rizwan Ali Khan,,IND,206
PS-121,Muhammad Irfan,,IND,205
PS-121,Irfan Karim,Fish (104),PMA,188
PS-121,Abid Khan,,IND,183
PS-121,Obaid Ur Rehman Khan,,IND,154
PS-121,Muhammad Adnan Khan,,IND,151
PS-121,Muhammad Ali,,IND,145
PS-121,Muhammad Aqeel Khan,,IND,135
PS-121,Syed Muhammad Arshad,Star (259),GDA,118
PS-121,Muhammad Javed,,IND,111
PS-121,Naveed Iqbal,,IND,80
PS-121,Ghulam Qadir,,IND,61
PS-121,Waqar Ahmad,,IND,60
PS-122,Rehan Akram,Kite (159),MQM-P,48170
PS-122,Farhan Saleem,RACKET ریکٹ,IND-PTI,23018
PS-122,Qazi Syed Sadaruddin,Scale (232),JIP,19437
PS-122,Syed Muhammad Asif Raza,,IND,6013
PS-122,Syed Masroor Ahsan,Arrow (12),PPP,5714
PS-122,Muhammad Yaqoob,Crane (71),TLP,3854
PS-122,Muhammad AshrafJabbar,,IND,3736
PS-122,Irfan Khan,Tiger (284),PML-N,1031
PS-122,Mahmood UI Hassan,Iron (147),PRP,778
PS-122,Syed Abbas Hasnain,,IND,428
PS-122,Muhammad Danish,,RJUI,371
PS-122,Syed Zafar Hassan,,IND,327
PS-122,Muhammad Wajahat Ali,,IND,213
PS-122,Muhammad Ahmer Khan,,IND,185
PS-122,Imran,,IND,145
PS-122,Saqib Iqbal,,IND,143
PS-122,Hafiz Ahmed Ali,,IND,59
PS-122,Muhammad Javed Abbasi,,IND,49
PS-122,Fareed Uddin Chishti,,IND,44
PS-122,Tanzeela Khurram,Star (259),GDA,40
PS-122,Muhammad Waseem,,IND,38
PS-122,Muhammad Naeem,,IND,37
PS-122,Deen Muhammad,,SKQM,33
PS-122,Asmat Khan Sherani,Lantern (162),ANP,33
PS-122,Rahat Hussain Siddiqui,,IND,31
PS-122,Kamran Zaheer,,IND,19
PS-122,Muhammad Shahid Ghani,,IND,9
PS-123,Muhammad Abid,,RJUI,
PS-123,Imtiaz Ahmed,AEROPLANE ہوای جہاز,IND-PTI,
PS-123,Muhammad Farooq,Crane (71),TLP,
PS-123,Muhammad Farooq,Crane (71),TLP,
PS-123,Waseem Uddin Qureshi,Arrow (12),PPP,
PS-123,Khalid Mumtaz,Tiger (284),PML-N,
PS-123,Muhammad Faisal,Tent (282),MML,
PS-123,Abod Shahid,Eagle (93),IPP,
PS-123,Shehnaz Jameel,Star (259),GDA,
PS-123,Ishtiaq Khan,Lantern (162),ANP,
PS-123,Abdul Waseem,Kite (159),MQM-P,17526
PS-123,Muhammad Akbar,Scale (232),JIP,13117
PS-123,Daud Ahmed Fakhri,,PCP,6
PS-124,Abdul Basit,Kite (159),MQM-P,31035
PS-124,Muhammad Ahmed,Scale (232),JIP,18438
PS-124,Muhammad Wajahat Ali,P,IND-PTI,15770
PS-124,Muhammad Amjid Ali,Crane (71),TLP,9626
PS-124,Muhammad Amjad Ali,Crane (71),TLP,9626
PS-124,Abdul Ghaffar,Iron (147),PRP,2650
PS-124,Munawar Nawab,,IND,2501
PS-124,Wilayat Ali,,IND,1642
PS-124,Muhammad Faizan Saeed,Arrow (12),PPP,1465
PS-124,Rabina Shabbir,,IND,1131
PS-124,Nisar Ahmad,,IND,456
PS-124,Muhammad Tayyab Hussain,,IND,413
PS-124,Muhammad Ahmad Mian,,IND,370
PS-124,Kamran,,IND,329
PS-124,Muhammad Ismail,,IND,301
PS-124,Muhammad Akbar Qureshi,,IND,287
PS-124,Muhammad Aslam,Tent (282),MML,233
PS-124,Muhammad Danish,,RJUI,169
PS-124,Asad Jawed Khan,,IND,160
PS-124,Shoaib Wakeel,,IND,141
PS-124,Farhan Saleem,,IND,103
PS-124,Zain Ul Abedin,,IND,98
PS-124,Muhammad Arslan Khan,Fish (104),PMA,66
PS-124,Saher Tabassum,Star (259),GDA,48
PS-124,Rashid Zamir Khan,,IND,47
PS-124,Nadir Latif Khilji,,IND,38
PS-124,Usman Farooq,,IND,31
PS-125,Salman Muhammad,Candle (50),MQM,
PS-125,Sheikh Mansoor Ahmad,,AATP,
PS-125,Anwer Hussain,Iron (147),PRP,
PS-125,Muhammad Irfan Khan,Eagle (93),IPP,
PS-125,Sumair Ali Khanzada,Star (259),GDA,
PS-125,Syed Adil Askari,Kite (159),MQM-P,63812
PS-125,Muhammad Farooq Naimatullah,Scale (232),JIP,49943
PS-125,Fauzia Siddiqui,P,IND-PTI,39554
PS-125,Syed Muhammad Naqi,Arrow (12),PPP,3441
PS-125,Tahir Ali Zuberi,Crane (71),TLP,2008
PS-125,Kazim Raza,,IND,6
PS-126,Muhammad Iftikhar Alam,Kite (159),MQM-P,38729
PS-126,Nusrat Ullah,Scale (232),JIP,25835
PS-126,Sheraz Ahmed Nagani,GUITAR گٹار,IND-PTI,18757
PS-126,Nasir Ahmed,Crane (71),TLP,7755
PS-126,Abid Hussain Qureshi,,IND,7364
PS-126,Shahzad Majeed,Arrow (12),PPP,3624
PS-126,Dua Masood,,IND,1710
PS-126,Syed Muhammad Jahanzaib,,IND,1702
PS-126,Asghar Ali,,IND,1496
PS-126,Muhammad Adrees,,IND,1287
PS-126,Wajahat Ali Khan,Star (259),GDA,656
PS-126,Rana Muhammad Waseem Akram,,IND,546
PS-126,Shaikh Muhammad Owais Karni,,IND,483
PS-126,Jarand Hamdani,Tent (282),MML,472
PS-126,Ghazala,,IND,154
PS-126,Abdul Samad,,IND,145
PS-126,Rafia Ahsan,,IND,129
PS-126,Shahid Kath,,IND,102
PS-126,Moiz Bin Zahid,,IND,98
PS-126,Muhammad Wajahat Ali,,IND,98
PS-126,Abdullah Khan,,IND,74
PS-126,Atta Ul Mustafa Jameel Rathoo,,IND,74
PS-126,Misbah,,IND,56
PS-126,Syed Bilal Ali,,IND,34
PS-126,Abdul Samad Khan,Fish (104),PMA,28
PS-127,Muhammad Maaz Mehboob,Kite (159),MQM-P,23389
PS-127,Muhammad Masood Ali,Scale (232),JIP,12642
PS-127,Shaikh Mehboob Jilani,P,IND-PTI,10380
PS-127,Salman Haider,Crane (71),TLP,5278
PS-127,Osama Anjum Alim,,IND,4313
PS-127,Rizwan Rafique,Arrow (12),PPP,2526
PS-127,Muhammad Younas,,IND,463
PS-127,Syed Muhammad Urooj,Eagle (93),IPP,384
PS-127,Tahir Akram,Star (259),GDA,346
PS-127,Mohsin Javed Dar,Tiger (284),PML-N,340
PS-127,Anis Ahmed,,IND,293
PS-127,Asif Ahmed,,PDP,276
PS-127,Maqsood Alam,,IND,215
PS-127,Abid Hussain Qureshi,,IND,198
PS-127,Muhammad Hamza,,IND,187
PS-127,Mushtaq Ahmed Niazi,,IND,136
PS-127,Jahanzaib Alam,,IND,129
PS-127,Hafiz Muhammad Shafee Shakeel,,IND,96
PS-127,Dua Masood,,IND,33
PS-127,Khalid,,IND,23
PS-128,Qazi Ahsan Qamar,Tractor (292),PML,
PS-128,Asma,Tent (282),MML,
PS-128,Taha Ahmed khan,Kite (159),MQM-P,34417
PS-128,Syed Wajeeh Hassan,Scale (232),JIP,18588
PS-128,Saqib Iqbal,CRICKET STUMPS کرکٹ وکٹ,IND-PTI,8987
PS-128,Khurram Saeed khan,,IND,3494
PS-128,Muhammad Saleem Khan,,IND,3357
PS-128,Muhammad Arif Hussain Qureshi,Arrow (12),PPP,3099
PS-128,Muhammad Irfan,Crane (71),TLP,2261
PS-128,Muhammad Khalid,Iron (147),PRP,726
PS-128,Muhammad Moin Ud Din,,IND,433
PS-128,Abdul Aleem Siddiqui,,IND,415
PS-128,Riaz Ali,,IND,204
PS-128,Nusrah Kamran,,IND,187
PS-128,Muhammad Ashraf Qureshi,,MJAH-P,171
PS-128,M Zaka Ur Rehman Khan,,IND,170
PS-128,Fazal Qayyum,Lantern (162),ANP,166
PS-128,Rubina Javed,,IND,163
PS-128,Syed Umer Karim Farooq,,IND,146
PS-128,Nighat Rashid Khan,,ALI,143
PS-128,Ali Mansoor,Eagle (93),IPP,139
PS-128,Ghulam Sarwar,,IND,104
PS-128,Hania Hamdani,,IND,91
PS-128,Danish,,IND,71
PS-128,NASIR UDDIN MEHMOOD,,IND,62
PS-128,Summayya Atif,,IND,60
PS-128,Sohail Ahmad,,IND,27
PS-128,Faryal Yousuf,,IND,26
PS-128,Muhammad Aslam Gujjar,,IND,25
PS-128,Ali Hamza,,IND,22
PS-128,Abdul Rehman Hassan Zai,,IND,19
PS-128,Salman Khan,,IND,13
PS-129,Muhammad Irshad,Fish (104),PMA,
PS-129,Hafiz Naeem Ur Rehman,Scale (232),JIP,26926
PS-129,Maaz Mukaddam,Kite (159),MQM-P,20608
PS-129,Muhammad Asad Hanif,Arrow (12),PPP,15014
PS-129,Saif Bari,DOVE فاختہ,IND-PTI,11357
PS-129,Farah Farooqui,,IND,2361
PS-129,Muhammad Aslam Khan,Tiger (284),PML-N,2106
PS-129,Muhamad Ahmed Hassan Raza,Crane (71),TLP,1427
PS-129,Mustafa Karani,,IND,651
PS-129,Ghulam Rasool,,IND,606
PS-129,Qayyum Khan,Lantern (162),ANP,437
PS-129,Muhammad Iqbal Ahmed,Tent (282),MML,346
PS-129,Muhammad Suleman,,IND,292
PS-129,Abod Shahid,Eagle (93),IPP,248
PS-129,Ghulam Sarwar,,IND,182
PS-129,Syed Faisal Ali,,IND,127
PS-129,Fazal Qayyum,,IND,123
PS-129,Shaikh Muahmmad Hamza Javed,,IND,116
PS-129,Syed Ayaz Ali,,IND,111
PS-129,Zulfiqar Khan,,IND,110
PS-129,Aisha Sohail,,IND,108
PS-129,Muhammad Imran,,IND,98
PS-129,Saeed Ur Rehman,,IND,96
PS-129,Sheikh Faisal Aijaz,,IND,86
PS-129,Aziz Fatima,,PDP,83
PS-129,Syed Azeem Shah,,IND,78
PS-129,Salman Iqbal Khan,,IND,59
PS-129,Aamir Zia,,JUPNI,47
PS-129,Naveed Alam Siddiqui,,IND,45
PS-129,Masroor Ahmed Khan,,IND,41
PS-129,Muhammad Owais Rabbani,,IND,33
PS-129,Aleem Uddin Rathore,Star (259),GDA,27
PS-129,Arshad Ali,,IND,19
PS-129,Abdul Samad,,IND,15
PS-129,Samina Nourin,,IND,15
PS-129,Muhammad Adil Siddiq,,IND,12
PS-129,Waqas Ali Khan,,IND,7
PS-13,Adil Altaf Unar,Arrow (12),PPP,89662
PS-13,Naseer Muhammad,Book (31),JUIF,4028
PS-13,Liaquat Ali Mirani,Dove (88),IND,2165
PS-13,Zubair Ahmed,Crane (71),TLP,1905
PS-130,Jamal Ahmed,Kite (159),MQM-P,38884
PS-130,Haris Ali Khan,Scale (232),JIP,19366
PS-130,Syed Faisal Ali,DOVE,IND-PTI,19089
PS-130,Ayaz Ahmed Ghori,,IND,3079
PS-130,Muhammad Rizwan,Arrow (12),PPP,1964
PS-130,Shahrukh Zafar,Crane (71),TLP,1707
PS-130,Naseem Akhtar,,IND,1497
PS-130,Muhammad Jahanzaib Alam,Tiger (284),PML-N,804
PS-130,Sardar Muahmmad Iqbal Khan,Eagle (93),IPP,775
PS-130,Taimoor Saeed Khan,,IND,681
PS-130,Muhammad Ali Khan Sherwani,,IND,459
PS-130,Siraj Uddin,Lantern (162),ANP,274
PS-130,Aimal Khan,Tree (295),PKMAP,250
PS-130,Muhammad Tehamas Ali Khan,,IND,249
PS-130,Marium Salman,,IND,168
PS-130,Ulas Yar Khan,,IND,93
PS-130,Faisal Rehman,Tent (282),MML,90
PS-130,Nadeem Akhtar Siddiqui,,IND,86
PS-130,Muhammad Anwar,,IND,81
PS-130,Farhan Shamim,,IND,48
PS-130,Muhammad Faran Khan,,IND,32
PS-130,Muhammad Imran,Fish (104),PMA,29
PS-130,Mehran,,SKQM,28
PS-130,Muhammad Hassan Khan,,IND,27
PS-130,Fakhar Abbas,,IND,26
PS-130,Muhammad Athar Usmani,,IND,24
PS-130,Farwa Haneef,,IND,21
PS-130,Muhammad Adil Siddiq,,IND,21
PS-130,Abdul Sattar,,IND,18
PS-130,Kazim Raza,,IND,14
PS-130,Masroor Ahmed Khan,,IND,11
PS-130,Umme Hani,,IND,10
PS-130,Abdul Waheed,,IND,5
PS-14,Nadir Ali Magsi,Arrow (12),PPP,38473
PS-14,Muzafar Ali Brohi,Star (259),GDA,20422
PS-14,Naheed,Aeroplane (2),IND-PTI,2840
PS-14,Ghulam Hussain Jakhro,Iron (147),PRP,1125
PS-14,Mehboob Ali,Crane (71),TLP,862
PS-14,Imtiaz Ahmed Shaikh,Scale (232),JIP,726
PS-14,Muhammad Ayub Khoso,Tooth Brush (287),IND,721
PS-14,Shafi Muhammad Brohi,Fork (109),IND,690
PS-14,Abdul Wahab Khoso,Peacock (194),IND,107
PS-14,Abdul Aziz,Charpai (56),IND,58
PS-15,Nisar Ahmed Khuhro,Arrow (12),PPP,44810
PS-15,Mir Humayun Khan,Tiger (284),PML-N,17211
PS-15,Muhammad Ishaque,Iron (147),PRP,2351
PS-15,Momal,Crane (71),TLP,1669
PS-15,Mushtaq Ali Jatoi,,ITP,635
PS-15,Shahabuddin,Rabab (212),IND,550
PS-15,Nazir Ahmed,Fist (105),PPP-SB,407
PS-15,Sheehaque Khan,Tent (282),MWM,365
PS-15,Saleem Raza,Slate (248),IND,324
PS-15,Qamaruddin,Peacock (194),IND,187
PS-15,Muhammad Muzzamil,Door (87),IND,158
PS-15,Niaz Ali Chandio,Bottle (32),IND,137
PS-15,Sadam Hussain,Computer (67),IND,121
PS-15,Laila Amber khuhawar,Racket (214),IND,106
PS-15,Ghulam Mustafa Brohi,Kite (159),MQM-P,75
PS-15,Aftab Hussain Joyo,Clock (160),IND,41
PS-15,Kamran Gorar,Water Cooler (317),IND,40
PS-16,Nawabzada Sardar Khan Chandio,Arrow (12),PPP,38057
PS-16,Muhammad Ali Hakro,Aeroplane (2),IND-PTI,12581
PS-16,Abdul Hakeem,Crane (71),TLP,1636
PS-16,Ranjhan Ali Chandio,Clock (60),IND,1399
PS-16,Syed Sikander Shah,Laptop (163),IND,630
PS-16,Abdul Monnium Khan Chandio,Hand Pump (130),IND,402
PS-16,Ghulam Mustafa Sheikh,Peacock (194),IND,383
PS-16,Nawabuddin,Fist (105),PPP-SB,302
PS-16,Ghuhram Khan,Bed (23),IND,258
PS-16,Fazal Muhammad Kamalani,Slate (248),IND,236
PS-16,Saddam Hussain Wako,Goat (123),IND,132
PS-16,Shah Nawaz Soomro,Iron (147),PRP,114
PS-16,Abdul Manan Chandio,Bottle (32),IND,112
PS-16,Ahmed Ali Buriro,Kite (159),MQM-P,102
PS-17,Burhan Chandio,Arrow (12),PPP,43885
PS-17,Javed Hussain Khokhar,Star (259),GDA,21658
PS-17,Seengar Ali,Bulb (40),AWP,1105
PS-17,Ghulam Siddique,Crane (71),TLP,1013
PS-17,Nawabzada Rehan Chandio,Medal (173),IND,547
PS-17,Abdul Qayoum,Iron (147),PRP,515
PS-17,Gada Hussain,Kite (159),MQM-P,245
PS-17,Muhammad Khan,Racket (214),IND,204
PS-17,Ayaz Ali,Aeroplane (2),IND,186
PS-17,Ali Raza,Guitar (127),IND,166
PS-17,Aqil Khan,Rabab (212),IND,165
PS-17,Syed Noor Muhammad Shah,Water Melon (318),IND,149
PS-17,Ghuhram Khan,Peacock (194),IND,95
PS-18,Jam Mehtab Hussain Dahir,Bottle (32),IND,56285
PS-18,Shehryar Khan Shar,Arrow (12),PPP,54705
PS-18,Nasir Mahmood,Book (31),JUIF,9056
PS-18,Muhammad Malook,Crane (71),TLP,1162
PS-18,Mian Rafiq Ahmed,Fork (109),IND,1027
PS-18,Ali Akbar,Lotus (168),IND-PTI,884
PS-18,Sardar Khan Lund,Gas Cylinder (116),IND,625
PS-18,Amanullah,Rabab (212),IND,598
PS-18,Aftab Hussain,Tooth Brush (287),IND,369
PS-18,Irfan Ali,Kite (159),MQM-P,189
PS-18,Abdul Razzaque,Geyser (120),IND,125
PS-18,Nasirullah,Sea Saw (238),IND,105
PS-18,Yasir Mehmood,Screw Driver (237),IND,96
PS-18,Fida Hussain,Peacock (194),IND,81
PS-18,Sher Muhammad,Tent (282),MML,80
PS-18,Irshad Ahmed Qazi,Aeroplane (2),IND,73
PS-18,Nazeer Ahmed,Penguin (197),IND,64
PS-18,Ali Nawaz Khan Chachar,Computer (67),IND,48
PS-18,Ziauddin Khan Chachar,Table (271),IND,32
PS-18,Shahid Hussain,-,IND,30
PS-18,Abu Bakar Shah,-,IND,25
PS-18,Zafar Hussain Chandio,Iron (147),PRP,22
PS-18,Gul Muhammad,MIC (174),IND,11
PS-19,Sardar Kadir Akmal Laghari,Goat (123),IND,55683
PS-19,Abdul Bari Pitafi,Arrow (12),PPP,44186
PS-19,Mujeeb Ur Rehman,RABAB رباب,IND-PTI,2374
PS-19,Saif Raza,Crane (71),TLP,1502
PS-19,Tashkeel Ahmed Siddique,Scale (232),JIP,863
PS-19,Mian Rafiq Ahmed,,IND,452
PS-19,Hussain Ahmed,,IND,250
PS-19,Sagheer Ahmed Khan Lund,Book (31),JUIF,186
PS-19,Muneer Ahmed,Kite (159),MQM-P,170
PS-19,Abdul Basit,,IND,132
PS-19,Santosh Kumar,,IND,109
PS-19,Mehmood,,IND,98
PS-19,Salar Ahmed Khan,,IND,53
PS-19,Sikandar Ali Shah,,IND,43
PS-19,Mashooq Ali,,IND,26
PS-19,Zulfiqar Ali Shah,,IND,23
PS-20,Muhammad Bux Mahar,Arrow (12),PPP,87431
PS-20,Mohammad Ishaq Laghari,Book (31),JUIF,9401
PS-20,Sanwal Khan,Crane (71),TLP,3959
PS-20,Abdullah Gadani,,IND,1669
PS-20,Abdul Sattar Gadani,MATCH BOX ماچس,IND-PTI,1444
PS-20,Meer Khan,,IND,247
PS-21,Ali Nawaz Khan Mahar,Arrow (12),PPP,63758
PS-21,Ghulam Ali Abbas,Book (31),JUIF,29273
PS-21,Ghulam Raza,BATTERY بیٹری,IND-PTI,3535
PS-21,Mazhar Saeed,Crane (71),TLP,1437
PS-21,Siraj Ahmed,,IND,938
PS-21,Niaz Ahmed Soomro,,IND,573
PS-21,Haji Khan Maher,,IND,536
PS-21,Kabeer Akhtar,Kite (159),MQM-P,301
PS-21,Kamal Din,,IND,159
PS-21,Yaseem Tahira,,IND,77
PS-22,Ikramullah Khan,Arrow (12),PPP,41828
PS-22,Muhammad Mubeen,Book (31),JUIF,39778
PS-22,Naib Ali,Crane (71),TLP,1549
PS-22,Ghulam Ali Abbas,,IND,638
PS-22,Muhammad Saleem Malik,Kite (159),MQM-P,423
PS-22,Abdul Raqeeb,,IND,354
PS-22,Muhammad Jadal,GOAT بکری,IND-PTI,223
PS-22,Syed Tahir Hussain Shah,,IND,98
PS-22,Jamal Abdul Nasir,,IND,80
PS-22,Rafique Ahmed,Iron (147),PRP,75
PS-22,Ghulamullah Indhar,,IND,65
PS-22,Jam Ghulam Qadir Shah,,IND,56
PS-22,Ghulam Gohar Murtaza,,IND,51
PS-22,Jam Saifullah Khan,,IND,39
PS-23,Ghulam Raza Bhanbhro,Fish (104),PMA,
PS-23,Syed Awais Qadir Shah,Arrow (12),PPP,69266
PS-23,Inayatullah,Star (259),GDA,21137
PS-23,Arslan Ahmed Khokhar,,IND,1242
PS-23,Muhammad Moosa Buriro,Crane (71),TLP,654
PS-23,Abdul Wajid,Iron (147),PRP,615
PS-23,Ali Ahmed,Scale (232),JIP,435
PS-23,Syed Tahir Hussain Shah,,IND,429
PS-23,Mashooq Ali,Tent (282),MML,170
PS-23,Maryam Khan,Kite (159),MQM-P,158
PS-23,Shaista,,IND,112
PS-23,Muhammad Ameer Khan,,IND,106
PS-23,Syed Shakir Hussain Shah,,IND,84
PS-23,Naik Muhammad,Fist (105),PPP-SB,71
PS-23,Syed Zeerak Shah,,IND,52
PS-23,Khuda Bux Bhanbhro,,IND,50
PS-23,Zia ur Rehman,,IND,50
PS-23,Altaf Ahmed,,IND,47
PS-24,Syed Farukh Ahmed Shah,Arrow (12),PPP,41235
PS-24,Mubeen Ahmed,,IND,19622
PS-24,Safia,RACKET ریکٹ,IND-PTI,5730
PS-24,Muhammad Zubair Hafeez,Scale (232),JIP,2021
PS-24,Rasheed Ahmed Shah,Iron (147),PRP,1649
PS-24,Muhammad Shakeel,,IND,1028
PS-24,Muhammad qayyum,Crane (71),TLP,948
PS-24,Shauqat ali baloch,,IND,717
PS-24,Muhammad ahsan hafeez,,IND,600
PS-24,Illah Bux Bhatti,,IND,509
PS-24,Siraj Ahmed Khan,Kite (159),MQM-P,300
PS-24,Syed kamran ali,,IND,293
PS-24,Saba,,IND,257
PS-24,Gohar Ali Khoso,,IND,207
PS-24,Syed Zeerak Shah,,IND,207
PS-24,Muhammad Akbar,,IND,200
PS-24,Hyder Ali,,IND,185
PS-24,Siraj ahmed,,IND,180
PS-24,Shaista,,IND,159
PS-24,Majid Ali danwar,,IND,78
PS-24,Asif ali khoso,,IND,45
PS-24,Muhammad naeem,,IND,44
PS-24,Azhar Hasnain,,IND,38
PS-24,Abdul Aziz,,IND,37
PS-24,Zulqarnain Mushtaq shaikh,,IND,22
PS-24,Manzoor Ali,,IND,21
PS-24,Muhammad ayoob abbasi,,IND,19
PS-24,Safeeullah,,IND,19
PS-25,Nasir Hussain Shah,Arrow (12),PPP,51792
PS-25,Ameer Bux Alias Meer,Book (31),JUIF,25059
PS-25,Abdul Aziz,ROLLER OF WOOD بیلن,IND-PTI,7054
PS-25,Muhammad Zubair Hafeez,Scale (232),JIP,3252
PS-25,Syed Kumail Hyder Shah,,IND,2029
PS-25,Ghulam Hassan Chachar,Crane (71),TLP,1858
PS-25,Pervaiz Ali,,IND,1742
PS-25,Majid,,IND,976
PS-25,Abdul Ghaffar,,IND,891
PS-25,Mehboob Ali Sehto,,IND,559
PS-25,Qurban Ali Kalwar,Fist (105),PPP-SB,262
PS-25,Sikandar Ali Junejo,,IND,188
PS-25,Khalid Mehmood,Iron (147),PRP,166
PS-25,Pervaiz Ahmed,,IND,159
PS-25,Rab Dino,,IND,114
PS-25,Syed Ghazanfar Hussain,,IND,112
PS-25,Amjad Murad,,IND,71
PS-25,Mohammad Ali Chohan,,IND,65
PS-25,Anwar Ali Malik,,IND,41
PS-26,Awais Ahmed,Book (31),JUIF,
PS-26,Syed Qaim Ali Shah,Arrow (12),PPP,63686
PS-26,Imam Bux Phulpoto,Star (259),GDA,19041
PS-26,Noor Hussain Sakhani,RACKET ریکٹ,IND-PTI,3581
PS-26,Shahnaz Shaikh,,IND,2546
PS-26,Altaf Hussain Solangi,Iron (147),PRP,1787
PS-26,Sannaullah,Scale (232),JIP,868
PS-26,Syed Ghous Ali Shah,,IND,511
PS-26,Ghulam Shabbir Jatoi,,IND,499
PS-26,Ashraf Ali,,ITP,334
PS-26,Hamad Ullah Memon,,IND,171
PS-26,Bishar Ahmed Rahoojo,,IND,75
PS-26,Shahab Muslim,Kite (159),MQM-P,74
PS-26,Mazhar Ali Jatoi,,IND,60
PS-26,Shoukat Ali,,IND,53
PS-26,Babra Solangi,,IND,47
PS-26,Mirzan Katohar,,IND,47
PS-26,Riaz ul Rehman,,IND,46
PS-26,Syed Asad Ali Shah Jillani,,IND,38
PS-26,Irshad Ali,,IND,32
PS-26,Abdul Sattar,,IND,30
PS-26,Piyaro Khan Phulpoto,,IND,27
PS-26,Abdul Jabbar,,IND,18
PS-27,Halar wassan,Arrow (12),PPP,91131
PS-27,Muhammad Sharif Buriro,Book (31),JUIF,10734
PS-27,Waheed Ali Gopang,Fist (105),PPP-SB,2272
PS-27,Hidayatullah,Tent (282),MML,1010
PS-27,Taj Mohammad,Iron (147),PRP,590
PS-27,Syed Ghous Ali Shah,,IND,419
PS-27,Aisha Shar,Crane (71),TLP,324
PS-27,Abdul Qadeer,Scale (232),JIP,299
PS-27,Muhammad Nawaz,,IND,123
PS-27,Abdul Salam,,IND,78
PS-27,Nadir Ali,,IND,63
PS-28,Sajid Ali Banbhan,Arrow (12),PPP,59217
PS-28,Ismail Shah,Star (259),GDA,54839
PS-28,Allah Warayo Shar,Crane (71),TLP,597
PS-28,Hakim Ali,,IND,142
PS-28,Asif Ali,,IND,88
PS-28,Allah Bachayo Shar,GOAT بکری,IND-PTI,84
PS-28,Zahid Ali Banbhan,,IND,68
PS-28,Khadim Hussain Aradin,,IND,60
PS-28,Faqeer Sikandar Ali Shar,,IND,27
PS-28,Muhammad Haroon,Iron (147),PRP,26
PS-28,Jamil Ahmed Lund Baloch,,IND,22
PS-28,Muhammad Laiq,,IND,21
PS-28,Amir Ali,,IND,16
PS-28,Faiz Muhammad,,IND,16
PS-28,Imtiaz Ali,,IND,16
PS-28,Sameer Zahid,,IND,13
PS-28,Toufique Ahmed,,IND,12
PS-28,Abud Ali,Kite (159),MQM-P,10
PS-28,Syed Mashooque Muhiuddin Shah,,IND,10
PS-28,Qalab Ali,,IND,9
PS-28,Arbab Shahid,,IND,7
PS-28,Attaullah Khan,,IND,3
PS-29,Shiraz Shaukat Rajper,Arrow (12),PPP,69590
PS-29,Muhammad Rafique Banbhan,Star (259),GDA,45734
PS-29,Arslan Khan,,IND,1061
PS-29,Saadullah,Crane (71),TLP,854
PS-29,Shahzaib Rajper,,IND,521
PS-29,Asad Ullah Banbhan,,IND,224
PS-29,Abdul Karim Shar,,IND,115
PS-29,Mujeeb Ul Rehman,,IND,98
PS-29,Ameer Ali Rajpar,,IND,97
PS-29,Faiz Muhammad,,IND,45
PS-29,Aijaz Ahmed Khuhro,,IND,44
PS-29,Aijaz Ahmed,,IND,33
PS-29,Arbab Shahid,,IND,30
PS-29,Ali Murtaza Shah,,IND,27
PS-29,Muhammad Malook,,IND,24
PS-29,Akhtar Hussain,,IND,23
PS-29,Fahad Khan,,IND,19
PS-29,Faqir Bakhat Ali Hisbani,,IND,17
PS-29,Ahsan Ali,,IND,16
PS-29,Ali jan,,IND,7
PS-30,Naeem Ahmed Kharal,Arrow (12),PPP,57000
PS-30,Shaikh Khalid Hussain,Star (259),GDA,26913
PS-30,Syed Niaz Hussain Shah Jilani,,IND,2809
PS-30,Pir Ahmed Ali Shah,HUKKAH حقہ,IND-PTI,2468
PS-30,Waseem Raza,Crane (71),TLP,2069
PS-30,Sayed Ghulam Mustafa Naqvi,,ITP,927
PS-30,Syed Kazim Ali Shah,,IND,251
PS-30,Aijaz Ali,,KI,225
PS-30,Shafqat ALi Shah,,IND,180
PS-30,Ghulam Ali,,IND,161
PS-30,Asadullah Shaikh,,IND,140
PS-30,Faiz Muhammad,,IND,87
PS-30,Javed Sikandar,,IND,78
PS-30,Abdul Latif Shaikh,,IND,71
PS-30,Shah Hassan Kharal,,IND,60
PS-30,Zakir Hussain Solangi,Boat (30),KS,57
PS-30,Muhammad Usman Narejo,,IND,56
PS-30,Masood Khalid Shaikh,,IND,55
PS-30,Syed Mashooque Muhiuddin Shah,,IND,28
PS-30,Lal Bux Sial,,IND,21
PS-30,Syed Muharram Ali Shah,,IND,21
PS-31,Syed Muhammad Rashid Shah,Star (259),GDA,58091
PS-31,Muhammad Bachal Shah,Arrow (12),PPP,51769
PS-31,Gul Muhammad Shah,,IND,982
PS-31,Saeed Ahmed,,IND,693
PS-31,Syed Fahad Ali Shah Jillani,,IND,662
PS-31,Fayyaz Hussain Abbasi,CRICKET STUMPS کرکٹ وکٹ,IND-PTI,500
PS-31,Muhammad Rafiq,Crane (71),TLP,402
PS-31,Murad Ali Talpur,,IND,400
PS-31,Pir Syed Ali Raza Shah Jillani,,IND,261
PS-31,Ghulam Abbas Ulro,Iron (147),PRP,237
PS-31,Sayed Arfat ALi Shah,,IND,122
PS-31,Bashir Ahmed Bhand,,IND,103
PS-31,Sayed Muhammad Shah,,IND,75
PS-31,Abdul Shakoor Narejo,,IND,72
PS-31,Abdul Raheem Mahar,,IND,24
PS-32,Syed Sarfraz Hussain Shah,Arrow (12),PPP,58761
PS-32,Syed Zohaib Ali Shah,Star (259),GDA,27413
PS-32,Sindhoo Ghanghro,,IND,4347
PS-32,Sayed Hamadullah Shah,,IND,2781
PS-32,Abdul Wahab Kalhoro,MOBILE CHARGER موبائل چارجر,IND-PTI,1378
PS-32,Bashir Ahmed Channa,Crane (71),TLP,1043
PS-32,Sayed Shahnawaz Shah Rizwi,,IND,864
PS-32,Muhammad Hashim,Scale (232),JIP,683
PS-32,Rahim Bux Khoso,Fist (105),PPP-SB,427
PS-32,Muhammad Yameen,,IND,168
PS-32,MIsmat Chutta Khaskheli,Book (31),JUIF,148
PS-32,Ghulam Hyder,,IND,139
PS-32,Abdul Qadoos,,IND,124
PS-32,Syed Ghullam Murtaza Shah,,IND,123
PS-32,Jhando Khan,,IND,119
PS-32,Muhammad Ameen,,IND,112
PS-32,Altaf Hussain Sahto,,IND,63
PS-32,Bilawal Khan,,IND,52
PS-32,Sallah Uddin,,IND,27
PS-33,Sayed Hassan Ali Shah,Arrow (12),PPP,60617
PS-33,Shakeel Ahmed Jalbani,Star (259),GDA,28175
PS-33,Gul Hassan,,IND,16434
PS-33,Riawan Ahmed,BRICK اینٹ,IND-PTI,2791
PS-33,Sahibdino,Crane (71),TLP,1516
PS-33,Sayed Amir Ali Shah,,IND,610
PS-33,Asadullah Shah,,IND,441
PS-33,Ghazala Hussain,,IND,241
PS-33,Salar Jalbani,,IND,201
PS-33,Bhaly Rakhio Lakho,,IND,196
PS-33,Sajjad Hussain,Kite (159),MQM-P,186
PS-33,Aijaz Ahmed,,IND,155
PS-33,Sayed Muhammad Ali Shah,,IND,148
PS-33,Javeed Ahmed,,IND,101
PS-33,Rashid Mahmood,,IND,87
PS-33,Imdad Ali,,IND,86
PS-33,Fayaz Hussain Lakho,,IND,82
PS-33,Naimatullah,Iron (147),PRP,82
PS-33,Masoor Khan,,IND,67
PS-33,Nisar Ahmed Channa,,IND,50
PS-33,Yasir Ali,,IND,31
PS-33,Abdul Sattar Rajper,,IND,25
PS-33,Muhammad Ubaid Sanwal Rajper,,IND,25
PS-33,Rafique Ahmed Banbhro,,IND,25
PS-33,Ameer Bux Rajper,,IND,17
PS-34,Mumtaz Ali Chandio,Arrow (12),PPP,52385
PS-34,Mr Shahnawaz Jatoi,Star (259),GDA,46442
PS-34,Sardar Ahmed,Crane (71),TLP,1574
PS-34,Muhammad Shabir Khanzada,Scale (232),JIP,1468
PS-34,Nasir Ali,Iron (147),PRP,1130
PS-34,Munawar Ali,,IND,860
PS-34,Muhammad Usman,Kite (159),MQM-P,795
PS-34,Masroor Ali,,IND,678
PS-34,Riaz Ahmed,CRICKET STUMPS کرکٹ وکٹ,IND-PTI,478
PS-34,Mr Sikandar Ali,,AT,377
PS-34,Abdul Sattar Rajper,,IND,195
PS-34,Mr Munir Ahmed Mubejo,,IND,192
PS-34,Bilal Khan Jatoi,,IND,90
PS-34,Faiz Muhammad,,IND,90
PS-34,Khalilullah,,IND,40
PS-34,Habib Mazahir,,IND,26
PS-34,Muhammad Ubaid Sanwal Rajper,,IND,24
PS-35,Zai ul Hassan,Arrow (12),PPP,79744
PS-35,Masroor Ahmed Khan Jatoi,Star (259),GDA,29529
PS-35,Akhtar Hussain,Crane (71),TLP,1339
PS-35,Muhammad Ramzan,RACKET ریکٹ,IND-PTI,753
PS-35,Masroor Ali Rajper,,IND,550
PS-35,Ghulam Akbar Solangi,,IND,461
PS-35,Qadir Bux,,IND,372
PS-35,Rafique Ahmed,,IND,230
PS-35,Sanaullah,Iron (147),PRP,170
PS-35,Ghullam Rasool Bhanger,,IND,145
PS-35,Abdul Rasheed,,IND,110
PS-35,Shaina,Scale (232),JIP,50
PS-35,Muhammad Owais,Kite (159),MQM-P,49
PS-35,Habib Mazahir,,IND,39
PS-35,Ibrahim,,IND,25
PS-35,Sadaat Ali Dahri,,IND,25
PS-35,Dost Ali Solangi,,IND,24
PS-35,Baz Muhammad Siyal,,IND,19
PS-35,Muhammad Khan,,IND,19
PS-35,Muhammad Anwar QaimKhani,,IND,16
PS-35,Humayoon Asghar,,IND,7
PS-36,Azra Fazal Pechuho,Arrow (12),PPP,75260
PS-36,Mir Bahawal Khan Rind,CHARPAI چارپائی,IND-PTI,16657
PS-36,Abdul Razzaque Shar,Book (31),JUIF,4411
PS-36,Irfan Ali,Crane (71),TLP,3128
PS-36,Abdul Hafeez,,IND,876
PS-36,Masood Ahmed,Tent (282),MML,579
PS-36,Aijaz Ali,,IND,257
PS-36,Azam Ali Qureshi,Kite (159),MQM-P,184
PS-36,Ammanullah Rustmani,,IND,138
PS-36,Ameer Bux Dahri,,IND,130
PS-36,Ghullam Mustafa,,IND,123
PS-36,Saleem Raza Jeelani,,IND,112
PS-36,Abdul Qadir Brohi,,IND,78
PS-37,javeed iqbal,Arrow (12),PPP,70383
PS-37,Inayat Ali Rind,CHARPAI چارپائی,IND-PTI,20492
PS-37,Syed Sajjad Hussain Shah Taqvi,Kite (159),MQM-P,9482
PS-37,MUhammad Bilal,,IND,3907
PS-37,Muhammad Arif,Crane (71),TLP,3715
PS-37,Zakir Hussain Jamali,,JUI,2087
PS-37,Mian Sajjad Ahmed,,IND,1036
PS-37,Masmaat Musrat Zehra,Boat (30),KS,724
PS-37,Noushad Ahmed,Fist (105),PPP-SB,309
PS-37,Asghar Ali,Tent (282),MML,303
PS-37,Sayed Ghulam Mohiuddin Shah,,IND,282
PS-37,Makhasan Raza,,IND,241
PS-37,Tariq Mehmood Arain,,IND,193
PS-37,Muhammad Saleem,,IND,179
PS-37,Muhammad Ibrahim,,IND,164
PS-37,Muhammad Adil,,IND,120
PS-37,Hafiz Muhammad Shah Mir Khan,,IND,99
PS-37,Khan Bahadur Bhatti,,IND,74
PS-37,Muhammad Imran,,IND,63
PS-37,Naeem Ul Afreen,,IND,37
PS-37,Aurangzeb Pirzada,,IND,36
PS-37,Muhammad Nadeem,,IND,36
PS-37,Munawar Manzoor Arain,,IND,29
PS-38,Ghulam Qadir Chandio,Arrow (12),PPP,66121
PS-38,Syed Zain Ul Abdin,Star (259),GDA,40839
PS-38,Arif Niaz Arain,,IND,3110
PS-38,Imran Qureshi,Crane (71),TLP,1169
PS-38,Ghulam Ali Chandio,,IND,1061
PS-38,Falak Sher Oad,,IND,849
PS-38,Syed Aqeel Iqbal,Scale (232),JIP,756
PS-38,Muhammad Nadeem,RACKET ریکٹ,IND-PTI,636
PS-38,Dil Sher,,IND,225
PS-38,Muhammad Shahbaz,Kite (159),MQM-P,184
PS-38,Ghulam Hussain Chandio,,IND,148
PS-38,Ali Asghar Rind,,IND,131
PS-38,Sikandar Hayat Rind,,IND,126
PS-38,Farooq Ahmed,,IND,67
PS-38,Liaquat Ali Khanzada,,IND,56
PS-38,Noor Ahmed Rind,,IND,49
PS-38,Muhammad Haroon,,IND,48
PS-38,Nisar Ahmad Parhyar,,IND,31
PS-38,Ghulam Rasool Khan Unar,,IND,27
PS-39,Bahadur Khan Dahri,Arrow (12),PPP,69876
PS-39,Arif Niaz Arain,Star (259),GDA,15015
PS-39,Abdul Latif,CHARPAI چارپائی,IND-PTI,2461
PS-39,Ali Hassan Khaskhali,,IND,1325
PS-39,Muhammad Khan Kubar,Crane (71),TLP,1221
PS-39,Muhammad Ismail Dahri,,IND,1153
PS-39,Muhammad Zaman Juno,Scale (232),JIP,552
PS-39,Maria,Kite (159),MQM-P,281
PS-39,Khursheed,Book (31),JUIF,211
PS-39,Mukhtiar Naz,Tiger (284),PML-N,176
PS-39,Jaam Tabraiz,,IND,115
PS-39,Abdul Waheed,,IND,108
PS-39,Fozia,,IND,79
PS-39,Syed Anwar Ali Shah,,IND,79
PS-39,Khan Muhammad Dahri,,IND,74
PS-39,Muhammad Qasim,Tent (282),MML,68
PS-39,Abdul Qadir Khiljee,,IND,66
PS-39,Ali Bux,,IND,36
PS-39,Bashir Ahmed Chandio,,IND,27
PS-39,Aijaz Ali Shah,,IND,18
PS-40,Ghulam Dastgir Rajar,Star (259),GDA,56345
PS-40,Naveed Dero,Arrow (12),PPP,52923
PS-40,MUSHTAQUE,,IND,3953
PS-40,Talat Mehmood,Scale (232),JIP,1315
PS-40,rashid hussain,Crane (71),TLP,658
PS-40,Muhammad Ali,,IND,539
PS-40,Munwar Ali Shah,,IND,184
PS-40,Rajesh kumar,,IND,145
PS-40,Faraz,,IND,126
PS-40,Shehnaz,Tent (282),MML,112
PS-40,Waseem Akhtar,Kite (159),MQM-P,96
PS-40,Abdul hakeem,,IND,90
PS-40,Abid farooq,,IND,85
PS-40,rafique ahmed,,IND,55
PS-40,Abdul Jabbar,Boat (30),KS,44
PS-41,Bhagwan das,Kite (159),MQM-P,
PS-41,Jan Muhammad,Scale (232),JIP,
PS-41,Kamal uddin,Crane (71),TLP,
PS-41,Muhammad Aslam,SIGN BOARD سائن بورڈ,IND-PTI,
PS-41,Muhammad Nouman,Iron (147),PRP,
PS-41,Qazi Shams Din,Star (259),GDA,63750
PS-41,Ali Hassan,Arrow (12),PPP,62118
PS-41,Muhammad Yousaf Khan,,IND,13
PS-42,Jam Shabbir Ali Khan,Arrow (12),PPP,58383
PS-42,Jam Nafees Ali Khan,Star (259),GDA,47999
PS-42,Jam najaf ali,,IND,1011
PS-42,Ali Raza,RACKET ریکٹ,IND-PTI,950
PS-42,Imtiaz Hussain,Crane (71),TLP,575
PS-42,Irfan Ali,,ITP,390
PS-42,Farhat yasmeen,Scale (232),JIP,250
PS-42,Jam Shahbaz ali,,IND,172
PS-42,Muhammad arif,Tent (282),MML,59
PS-42,Jameel ahmed,,IND,49
PS-42,Manzoor ali,,IND,37
PS-42,Muhammad shehzad,,IND,34
PS-42,Syed Qadir Ali,,IND,33
PS-42,Ali Muhammad Marri,,IND,31
PS-42,Khalid Hussain,Kite (159),MQM-P,19
PS-42,Muhammad aslam,,IND,17
PS-42,Riaz Ali,,IND,17
PS-42,Mumtaz ali,,IND,12
PS-42,Abdul Majid,,IND,11
PS-42,Mir Khan,,IND,10
PS-42,Jam Zeeshan ali,,IND,9
PS-42,Mir Jawad Afsar Talpur,,IND,6
PS-42,Muhammad hashim,,IND,5
PS-42,Noor muhammad,,IND,3
PS-43,Paras Dero,Arrow (12),PPP,67851
PS-43,Niaz Hussain,Star (259),GDA,23869
PS-43,Muhammad Ayoob,BOTTLE بوتل,IND-PTI,5534
PS-43,Mushtaque Ahmed Adil,Scale (232),JIP,3560
PS-43,Syed muhammad hussain shah,Crane (71),TLP,1938
PS-43,Muhammad Fayyaz,Tent (282),MML,319
PS-43,Muhammad Imran jagnu,Kite (159),MQM-P,221
PS-43,Nadeem Uddin,,IND,215
PS-43,Nisar Ahmed,,IND,129
PS-43,Faraz Dero,,IND,120
PS-43,sanwal dero,,IND,100
PS-43,Binyameen,,IND,66
PS-43,Awais Mari,,IND,30
PS-44,Shahid Thahim,Arrow (12),PPP,60385
PS-44,Muhamamd Bux,Star (259),GDA,49143
PS-44,Muhammad Kashif Ameen,PEACOCK مور,IND-PTI,4168
PS-44,Irshad Zafar bhukari,Scale (232),JIP,699
PS-44,Khalid hameed,Tent (282),MML,291
PS-44,Hussain Bux,,IND,289
PS-44,Akbar Ali,,IND,225
PS-44,Rano khan,,AT,217
PS-44,Shaista,Book (31),JUIF,204
PS-44,Muhammad sharif,Kite (159),MQM-P,141
PS-44,Zahid Hussain,,IND,108
PS-44,Abdul Rehman,,IND,67
PS-44,Abdul Raheem,,IND,63
PS-44,Muhammad hussain,,IND,55
PS-44,Shahid hussain buriro,,IND,55
PS-44,Jahangeer Alam,Tractor (292),PML,36
PS-44,Muhammad khan wassan,,IND,34
PS-44,Fateh Muhammad Shaikh,,IND,32
PS-44,Pehelwan,,IND,31
PS-44,Asif ali,,IND,29
PS-44,Khadim hussain,,IND,27
PS-44,Mumtaz Ali,,IND,21
PS-44,Naveed Anjum,,IND,21
PS-44,Ali Murtaza Rehman Thahim,,IND,16
PS-44,Mumtaz ali,,IND,16
PS-44,Muhammad aijaz,,IND,10
PS-44,Haibat khan,,IND,5
PS-45,Hari Ram,Arrow (12),PPP,33197
PS-45,Dr Zafar Ahmed Khan,Kite (159),MQM-P,20099
PS-45,Aftab Hussain Qureshi,CRICKET STUMPS کرکٹ وکٹ,IND-PTI,16582
PS-45,Salamat Ali lakho,,IND,7639
PS-45,Wazir Ali Mari,,IND,3172
PS-45,Noor Illahi,Scale (232),JIP,3139
PS-45,Mujeeb ul Haque,,IND,2387
PS-45,Muhammad Javed,Crane (71),TLP,2040
PS-45,Adnan Khan,,IND,1284
PS-45,Shewa Ram,,IND,972
PS-45,Muhammad Khalid,,IND,871
PS-45,Abdul Hameed,Tiger (284),PML-N,714
PS-45,Abdul Haris,,IND,550
PS-45,Hassan Mehmood Asim,Tent (282),MML,461
PS-45,Muhammad Arshad,Iron (147),PRP,309
PS-45,Zulfiqar Ali,,IND,238
PS-45,Muhammad Irfan,,IND,188
PS-45,faisal ahmed,,IND,113
PS-45,Muhammas asim,,IND,110
PS-45,Javaid Ahmed Khan,,IND,109
PS-45,adnan khurram,,IND,96
PS-45,Muhammad Jibran,Fish (104),PMA,90
PS-45,Farooque Ahmed,,IND,83
PS-45,Muhammad Farukh,,IND,82
PS-45,Muhammad Farhan,,IND,78
PS-45,Muhammad Saqib,,IND,78
PS-45,Manzoor Ahmed,,IND,56
PS-45,Aslam khan,,IND,52
PS-45,Muhammad Sarwar,,IND,50
PS-45,Abdul malik,Tractor (292),PML,49
PS-45,Muhammad Adeel mughal,,IND,34
PS-46,Syed Zulfiqar Ali Shah,Arrow (12),PPP,51656
PS-46,Shuja Muhammad Shah,,IND,30096
PS-46,Syed Mumtaz Ali Shah,PINEAPPLE انناس,IND-PTI,1404
PS-46,Munwar hussain,Crane (71),TLP,827
PS-46,Beejal Ram,,IND,427
PS-46,Fozia Khalid,Scale (232),JIP,319
PS-46,Abdul Hameed,Kite (159),MQM-P,193
PS-46,Nadir Ali,,IND,171
PS-46,Abdul Salam,Iron (147),PRP,167
PS-46,Ghulam Murtaza,,IND,157
PS-46,Jannat khatoon,,IND,139
PS-46,Saira Jameel,Tent (282),MML,120
PS-46,Javed Ali,,IND,77
PS-46,Fakir Ghulam Nabi Mangrio,,IND,73
PS-46,Kashmina Naz,,IND,46
PS-46,Ghulam Rasool jalbani,,IND,39
PS-46,Ali Gohar,,IND,27
PS-47,Noor Ahmed Bhurgri,Arrow (12),PPP,56522
PS-47,Faisal kachelo,,IND,17420
PS-47,Mir Janullah Khan Talpur,Star (259),GDA,12746
PS-47,Ali Nawaz Shah,,IND,5026
PS-47,Ali Raza,BOTTLE بوتل,IND-PTI,2436
PS-47,Syed Mumtaz Ali Shah,,IND,985
PS-47,Muhammad Ashraf,Crane (71),TLP,729
PS-47,Ayaz Ahmed,,IND,609
PS-47,muhammad awais,Tent (282),MML,190
PS-47,Muhammad hanif khan,Scale (232),JIP,188
PS-47,Nemoon,,IND,145
PS-47,Muhammad Tariq,Kite (159),MQM-P,131
PS-47,Dr Adnan Ahmed Bhargri,,IND,85
PS-47,Muhammad Safdar,,IND,49
PS-47,Sadat Ahmed Bhurgri,,IND,45
PS-47,Irfan Ahmed Bhurgri,,IND,44
PS-47,Lekhraj,,IND,35
PS-47,Khuda Dad Khan,,IND,26
PS-47,Musaddique Bhurgri,,IND,17
PS-48,Tarique Ali,Arrow (12),PPP,66002
PS-48,inayatullah,Star (259),GDA,15638
PS-48,Jahanain Shah,,IND,7900
PS-48,Muhammad Tahir,Scale (232),JIP,2166
PS-48,Muhammad Waseem,Crane (71),TLP,1601
PS-48,Shahdad ali,,IND,1524
PS-48,Muhammad Iqbal,BOTTLE بوتل,IND-PTI,823
PS-48,Arbab ibrahim rahim,,IND,574
PS-48,Amir Bux,,AT,494
PS-48,Abid Ali,Kite (159),MQM-P,224
PS-48,Masood Ahmed wassan,,IND,147
PS-48,Mir Sharique talpur,,IND,133
PS-48,Shahjahan shah,,IND,127
PS-48,Nouman khan,,IND,91
PS-48,Muhammad Rashid,,IND,59
PS-49,Syed Sardar Ali Shah,Arrow (12),PPP,50204
PS-49,Khizar Hayat,Star (259),GDA,23492
PS-49,Ali Murad,,IND,5038
PS-49,Akbar Ali,DICE پانسہ,IND-PTI,4118
PS-49,Bhooro,,IND,2055
PS-49,Huzoor Bux,,IND,1321
PS-49,Ali Bux,,IND,780
PS-49,Syed Hassan Raza,,IND,756
PS-49,Malik noman rasheed,Crane (71),TLP,746
PS-49,Syed Ameer Ali Shah,,IND,625
PS-49,Haresh kumar,,AT,497
PS-49,Chanesar,,IND,328
PS-49,Muhammad hussain,,IND,304
PS-49,Sardar ghulam murtaza,,IND,248
PS-49,Naveed,Scale (232),JIP,224
PS-49,Bilal Ur Rehman,Kite (159),MQM-P,91
PS-49,Pir Muhammad,,IND,86
PS-49,Sajan Zulfiqar,,IND,55
PS-49,Muhammad suleman,,IND,47
PS-49,Syed Sarfaraz Ali Shah,,IND,35
PS-49,Muhammad imran,,IND,34
PS-49,Fakir Ghulam Nabi Mangrio,,IND,28
PS-49,Shahid hussain soofi,,IND,14
PS-50,Syed Ameer Ali Shah,Arrow (12),PPP,61386
PS-50,Fakir Ghulam Nabi Mangrio,Star (259),GDA,15648
PS-50,Lekhraj Mal,HAND PUMP ہینڈ پمپ,IND-PTI,13421
PS-50,Lal Chaand,Kite (159),MQM-P,1688
PS-50,Muhammad Irfan,Crane (71),TLP,1037
PS-50,Arbab ibrahim rahim,,IND,315
PS-50,Ishrat Naz,Scale (232),JIP,258
PS-50,Lal chand,,IND,258
PS-50,Syed Sardar Ali Shah,,IND,159
PS-50,Sona,,IND,158
PS-50,Soofi Akbar Hussain,,IND,105
PS-50,Safdar Ali,,IND,101
PS-50,Prem Chand,,IND,93
PS-50,Syed Toor Ali Shah,,IND,93
PS-50,Sarwan kumar,,IND,92
PS-50,Asiyat Haji,Book (31),JUIF,74
PS-50,Jaan Muhammad,,IND,73
PS-50,Ali Nawaz,,IND,42
PS-50,Poonjo,,IND,32
PS-50,Farukh Sharif,,IND,23
PS-50,Tirath Meghwar,,IND,15
PS-51,Muhammad Taimur Talpur,Arrow (12),PPP,58958
PS-51,Dr. Dost Muhammad Memon,Star (259),GDA,27725
PS-51,Dr. Farzana,Tiger (284),PML-N,2663
PS-51,Muhammad Nadeem,Crane (71),TLP,1985
PS-51,Mir Amanullah Khan Talpur,,IND,1583
PS-51,Abdul Haque,,IND,587
PS-51,Moolchand,Kite (159),MQM-P,263
PS-51,Abdul qadar,,IND,207
PS-51,Shakeel Ahmed,,IND,82
PS-51,Mir Ghazanfar Ali Talpur,,IND,31
PS-52,Dost Muhammad,Arrow (12),PPP,69616
PS-52,Sher Khan,Star (259),GDA,15713
PS-52,Mehar khan,Crane (71),TLP,520
PS-52,Deedar hussain,Book (31),JUIF,500
PS-52,Pir shan ali shah,,IND,93
PS-52,Dilawar Khan,,IND,74
PS-52,Liaquat Ali,,IND,67
PS-52,Gulji Mal,,IND,38
PS-52,Habibullah,,IND,29
PS-52,Imam Ali,,IND,17
PS-52,Mushtaque Ali,,IND,16
PS-53,Muhammad Qasim,Arrow (12),PPP,73302
PS-53,Arbab Anwar Jabbar,Star (259),GDA,41047
PS-53,Pehlaj Rai,HAND PUMP ہینڈ پمپ,IND-PTI,2345
PS-53,Barkat ali,Crane (71),TLP,700
PS-53,Ameer ali shah jallani,,IND,629
PS-53,Muhammad Umer Farooque,Book (31),JUIF,342
PS-53,Muhammd Rahim,,IND,226
PS-53,Hanjraj,,IND,219
PS-53,Imran Khan,,IND,179
PS-53,Sardar Khan,,IND,67
PS-53,Javed hussain samo,,IND,60
PS-53,Atta Ur Rehman,,IND,32
PS-53,Ghazi,,IND,30
PS-53,Naveed Ahmed Samoon,,IND,18
PS-54,Faqir Shair Muhammad Balalani,Arrow (12),PPP,69088
PS-54,Arbab Togachi Fawad Razzaq,Star (259),GDA,34413
PS-54,lajpat rai,MEDAL تمغہ,IND-PTI,16104
PS-54,Khair Muhammad,,IND,2693
PS-54,Mir Muhammad,Scale (232),JIP,1497
PS-54,Faqeer Faiz Muhammad Bilalani,,IND,1147
PS-54,Parshotam,,IND,1087
PS-54,Suresh Kumar Manjiani,,IND,727
PS-54,Sikiladho,Book (31),JUIF,625
PS-54,Arbab Zafarullah,,IND,167
PS-54,Arbab Zakaullah,,IND,132
PS-54,Abdul Islam,Tent (282),MML,69
PS-55,Arbab Lutfullah,Arrow (12),PPP,107552
PS-55,Arbab Zakaullah,Star (259),GDA,17768
PS-55,Muhammad khan,,IND,4035
PS-55,Manji,LAPTOP لیپ ٹاپ,IND-PTI,3292
PS-55,Muhammad Aslam,Book (31),JUIF,2196
PS-55,Arbab Ghulam Rahim,,IND,1378
PS-55,Sharifuddin,,IND,584
PS-55,Obhayo,,IND,539
PS-55,Inayatullah,,IND,302
PS-55,Keemat Rai,,IND,255
PS-55,Abdul Qayoom,Tent (282),MML,130
PS-55,Kalaram,,IND,121
PS-55,Arbab Inamullah,,IND,96
PS-55,Arbab Zafarullah,,IND,87
PS-55,Arbab Anwar Jabbar,,IND,52
PS-55,Arbab Togachi Fawad Razzaq,,IND,34
PS-55,Arbab Muhammad Alam,,IND,24
PS-55,Arbab Amir Amanullah,,IND,22
PS-56,Makhdoom Mehboob Zaman,Arrow (12),PPP,72178
PS-56,Naseer Ahmed,Tiger (284),PML-N,35432
PS-56,Aqeel Ahmed,Tent (282),MML,7628
PS-56,Nargis Naz,AEROPLANE ہوای جہاز,IND-PTI,1922
PS-56,Shafiq Muhammad Brohi,,IND,433
PS-56,Awais Ali,,IND,300
PS-56,Manzar Bashir,,IND,242
PS-56,Ghulam Ali,Scale (232),JIP,219
PS-56,Syed Ali Murtaza Shah,,IND,84
PS-57,Makhdoom Fakhar Zaman,Arrow (12),PPP,52175
PS-57,Syed Jalal Shah,Star (259),GDA,44873
PS-57,Saeed Ahmed,,IND,1492
PS-57,Zain Abbas Shah,,IND,1181
PS-57,Gulzar Hussain,AEROPLANE ہوای جہاز,IND-PTI,615
PS-57,Muhammad Hashim Khaskheli,Book (31),JUIF,284
PS-57,Syed Ali Hussin Shah,,IND,185
PS-57,Mudasir Hussain Talpur,,IND,155
PS-57,Noman,Iron (147),PRP,131
PS-57,Syed Muhammad Suhaib,,IND,125
PS-57,Muharram Khaskheli,,IND,117
PS-57,Ameer Ali,,IND,66
PS-57,Muhammad Saleh Jakhrejo,,IND,57
PS-57,Qamaruddin Majeedano,,IND,51
PS-57,Abdul Razaq Jaffrani Khoso,,IND,41
PS-58,Jameel Ahmed,Kite (159),MQM-P,
PS-58,Syed Zia Abbas shah,Arrow (12),PPP,57217
PS-58,Rahila Magsi,Star (259),GDA,42587
PS-58,Rashid Hussain,CRICKET STUMPS کرکٹ وکٹ,IND-PTI,5767
PS-58,Muhammad Umer Jan,Crane (71),TLP,2098
PS-58,Jazeb Ali,,IND,1229
PS-58,Rao Javeed Ali,Scale (232),JIP,806
PS-58,Syed Taj Muhammad Taj Shah Jilani,,IND,563
PS-58,Tasleem Pasha,,IND,533
PS-58,Zeshan Ahmed Qaimkhani,Iron (147),PRP,431
PS-58,Sain Bux,,AT,284
PS-58,Muhammad Saleem,Tent (282),MML,277
PS-58,Abid Hussain,,IND,221
PS-58,Syed Ali Nawaz Shah Rizvi,,IND,191
PS-58,Muhammad Aslam,,IND,167
PS-58,Imran Ali,,IND,162
PS-58,Noor Muhammad Nizamani,,IND,126
PS-58,Javed Ali Kalroo,,IND,118
PS-58,Abdul jabbar,,IND,104
PS-58,Aijaz Ali,,IND,48
PS-58,Mehboob Ali,Boat (30),KS,43
PS-58,Muhammad Khalid Khanzada,,IND,38
PS-59,Imdad Ali Pitafi,Arrow (12),PPP,62771
PS-59,Muhammad Mohsin Magsi,Star (259),GDA,29325
PS-59,Muhammad Aslam,GOAT بکری,IND-PTI,1332
PS-59,Muhammad Jahangeer,Crane (71),TLP,1147
PS-59,Muhammad Hayat,Iron (147),PRP,838
PS-59,Muhammad Aslam,,IND,208
PS-59,Zaheer Abbas,,IND,188
PS-59,Mir Muhammad Khokhar,,IND,122
PS-59,Muhammad Jamil,,IND,120
PS-59,Aijaz Ali,,IND,98
PS-59,Sahib Khan,,IND,79
PS-60,Muhammad Asif,Iron (147),PRP,
PS-60,Jam khan Shoro,Arrow (12),PPP,37538
PS-60,Ayaz Latif Palijo,Star (259),GDA,6922
PS-60,Afroze Shoro,GOAT بکری,IND-PTI,4137
PS-60,Badaruddin Channa,,IND,583
PS-60,Syed Hussnain Raza,Fist (105),PPP-SB,571
PS-60,Mehboob Ali Mahesar,Scale (232),JIP,526
PS-60,Waseem Akhtar,Crane (71),TLP,402
PS-60,Ali Haider Memon,,IND,156
PS-60,Roshan Ali,,IND,138
PS-60,Sajid Ali,Kite (159),MQM-P,134
PS-60,Muhammad Umar Chandio,,IND,125
PS-60,Muhammad Ali,,IND,115
PS-60,Nadir,,IND,60
PS-60,Zeenat Samoo,,IND,59
PS-60,Mehboob Ali Abro,,IND,35
PS-60,Shazia Memon,Eagle (93),IPP,33
PS-60,Naseem Akhtar,,IND,22
PS-60,Lal Khan Jatoi,,IND,19
PS-60,Shah Muhammad Shoro,,IND,10
PS-61,Jan Muhammad,Boat (30),KS,
PS-61,Anwar Ali,HAND BAG دستی بیگ,IND-PTI,
PS-61,Sharjeel Inam,Arrow (12),PPP,63638
PS-61,Saeed Ahmed Talpur,Book (31),JUIF,11719
PS-61,Fateh Muhammad Shoro,Scale (232),JIP,2482
PS-61,Waqas Shoban,Crane (71),TLP,1243
PS-61,Imran Khan,,IND,910
PS-61,Zahid Ur Rehman,Tent (282),MML,844
PS-61,Ali Anwar,,IND,506
PS-61,Sheeraz Ahmed Shoro,,IND,464
PS-61,Zeenat Inam,,IND,389
PS-61,Muhammad Zubair,,IND,220
PS-61,Muhammad Rizwan,,IND,216
PS-61,Niaz Ali Shah,,IND,78
PS-61,Pir Muhammad Shah,,IND,59
PS-62,Sabir Hussain,Kite (159),MQM-P,24385
PS-62,Abdul Jabbar,Arrow (12),PPP,18209
PS-62,Lala Awais Khan,TAWA توا,IND-PTI,14287
PS-62,Muhammad Naveed,Crane (71),TLP,3052
PS-62,Saif Ur Rehman,Scale (232),JIP,1878
PS-62,Amir Hussain,,IND,1238
PS-62,Faiz Ullah,Book (31),JUIF,1002
PS-62,Anwar Mughal,,IND,709
PS-62,Khalid Aziz,Tiger (284),PML-N,509
PS-62,Sheraz Ahmed Shoro,Tent (282),MML,354
PS-62,Agah Sadar,,IND,329
PS-62,Shaikh Mian Imran Alvi,,IND,322
PS-62,Nadir Hassan,,IND,217
PS-62,Syed Ali Raza Shah,Star (259),GDA,155
PS-62,Hashim Khan,Lantern (162),ANP,144
PS-62,Qazi Hamid Ali,,IND,131
PS-62,Roohullah Khan,,SKQM,102
PS-62,Jawaid,,IND,96
PS-62,Abdul Majeed Bhatti,,IND,84
PS-62,Nawab Khan,,IND,73
PS-62,Muhammad Nasir Abbasi,,IND,56
PS-62,Ali Akbar,,IND,55
PS-62,Abdul Sattar Khan,,IND,49
PS-62,Ghulam Rasool,,IND,47
PS-62,Syed Muhammad Hassan,,JUI-N,46
PS-62,Muhammad Masoom Naqshbandi,,IND,37
PS-62,Saeed Akbar,Tree (295),PKMAP,22
PS-62,Ateeq Ur Rehman,,IND,17
PS-63,Rehan Rajput,BEE شہد کی مکھی,IND-PTI,40306
PS-63,Kamran Shafique,Kite (159),MQM-P,11844
PS-63,Sanam Talpur,Arrow (12),PPP,7025
PS-63,Afaq Nasar,Scale (232),JIP,3661
PS-63,Zaman Ahmed Khan,Crane (71),TLP,2549
PS-63,Imtiaz Ali Arian,,IND,2198
PS-63,Abdul Majeed Bhatti,,IND,2104
PS-63,Muhammad Rasheed Khan,,TPP,1322
PS-63,Mir Yasir Talpur,Tiger (284),PML-N,616
PS-63,Mujtaba Sami,,IND,536
PS-63,Kamran,,IND,510
PS-63,Jamshed Ali Shaikh,,IND,429
PS-63,Rizwan Akhter,,IND,387
PS-63,Asia Khatoon,,IND,374
PS-63,Azhar Bin Qayoom,,IND,332
PS-63,Muhammad Ali,Tent (282),MML,307
PS-63,Waseem Shehzad,,IND,142
PS-63,Abdul Rehman Golani,,IND,125
PS-63,Aslam Pervez,,IND,111
PS-63,Iqrar Ahmed Khan,,IND,108
PS-63,Safdar Hussain Ansari,,IND,101
PS-63,Agha Sarddar,,IND,93
PS-63,Muhammad Javed,,IND,88
PS-63,Waqas Ahmed Shaikh,,IND,64
PS-63,Waseem Khan Sherwani,,IND,53
PS-63,Abdul Sattar Khan,,IND,51
PS-63,Farheen Naz,,IND,49
PS-63,Muhammad Irfan,,IND,48
PS-63,Arzoo Faisal Hassan,,IND,46
PS-63,Nadeem Umer,,IND,45
PS-63,Syed Liaquat Ali Shah,,IND,29
PS-63,Sultan Ahmed Khan,,IND,27
PS-63,Mirza Faheem Baig Mughal,,IND,26
PS-63,Naveed Ullah Khan,,IND,23
PS-63,Nisar Ahmed Khan,,IND,15
PS-63,Qamar Sultan,,IND,15
PS-63,Muhammad Nuzair Khan,,IND,12
PS-63,Syed Sagheer Ahmed,,IND,12
PS-63,Ubaidullah Khan,,IND,9
PS-63,Saif Ali Shaikh,,IND,6
PS-64,Faisal Nadeem Shaikh,Tent (282),MML,
PS-64,Rashid Hameed,Tiger (284),PML-N,
PS-64,Sallahuddin,Crane (71),TLP,
PS-64,Sohail Aziz Siyal,,AL,
PS-64,Zaheeruddin Shaikh,Scale (232),JIP,
PS-64,Muhammad Rashid Khan,Kite (159),MQM-P,35235
PS-64,Naeem Ud Din,LAPTOP لیپ ٹاپ,IND-PTI,26063
PS-64,Mukhtiar Ahmed Dahamrah Aajiz,Arrow (12),PPP,16230
PS-65,Nasir Hussain Qureshi,Kite (159),MQM-P,23184
PS-65,Shoaib Shoukat,SHUTTLE COCK شٹل کاک,IND-PTI,14321
PS-65,Muhammad Fareed Qureshi,Arrow (12),PPP,14209
PS-65,Abdul Majeed Qureshi,,IND,14209
PS-65,Muhammad Rashid Qureshi,,IND,3406
PS-65,Muhammad Amjad,Crane (71),TLP,3130
PS-65,Muhammad Iqbal Arain,,IND,2710
PS-65,Irfan,Scale (232),JIP,1939
PS-65,Faiz Muhammad Arain,Tractor (292),PML,563
PS-65,Syed Muhammad Ahmed Rashid,,IND,547
PS-65,Muhammad Ali Gohar,,IND,539
PS-65,Muhammad Toqeer Arain,,IND,531
PS-65,Asif Raza,,IND,444
PS-65,Muzamil,Eagle (93),IPP,369
PS-65,Adnan Rajput,,IND,298
PS-65,Ali Umair,,IND,287
PS-65,Shoaib Khan,,IND,261
PS-65,Muhammad Islam,,IND,231
PS-65,Syed Arsalan Hussain,,IND,191
PS-65,Zeeshan Chohan,,JUP-S,150
PS-65,Rehan Ahmed,Tent (282),MML,130
PS-65,Nisar Ahmed,,IND,76
PS-65,Qazi Muhammad Ilyas,,IND,62
PS-65,Saad Abro,,IND,61
PS-65,Nazim Ali Arain,,JUI-N,58
PS-65,Ghulam Qadir,,IND,52
PS-65,Afnan Junejo,,IND,49
PS-65,Mansoor Ahmed,,IND,36
PS-65,Khatri Rasool Bux Taj,,IND,35
PS-65,Muhammad Shamim Arain,,IND,35
PS-65,Nizam Uddin,,IND,34
PS-65,Syed Saeed Ahmed,,IND,30
PS-65,Farhat Sohail,,AL,26
PS-65,Naheed Akhtar,,IND,25
PS-65,Habib Ullah Khan,,IND,23
PS-65,Naimatullah Akakhail,,APP-S,20
PS-65,Anwar Ali,,IND,17
PS-65,Faheem,,IND,17
PS-65,Arshad Ali,,IND,12
PS-66,Syed Aijaz Hussain Shah,Arrow (12),PPP,47649
PS-66,Ahmed Saeed Jan,,IND,17632
PS-66,Muhammad Altaf Nizamani,GOAT بکری,IND-PTI,8522
PS-66,Pir Muhammad Ali Sarhandi,Crane (71),TLP,1774
PS-66,Sadain Jan,,IND,1453
PS-66,Aijaz Ali,Scale (232),JIP,1129
PS-66,Ambar,Book (31),JUIF,502
PS-66,Mansoor Ali,,IND,298
PS-66,Muhammad Jumman Kehar,,IND,279
PS-66,Muhammad Javaid Rajput,Kite (159),MQM-P,139
PS-66,Ameer Ali,,IND,136
PS-66,Ghulam Mujtaba,,IND,111
PS-66,Fayaz Rahim Katiar,,IND,106
PS-66,Abdul Rahim,,IND,97
PS-66,Arshad Ali Panhwar,,IND,80
PS-66,Naeema,Tent (282),MML,77
PS-66,Syed Shoban Hussain Shah,,IND,61
PS-66,Shafique Ahmed Bhatti,,IND,28
PS-67,Khurram Kareem Soomro,Arrow (12),PPP,51886
PS-67,Qadir Bux Magsi,Boat (30),KS,16602
PS-67,Abdul Rahim,FRIDGE فریج,IND-PTI,4454
PS-67,Noor Muhammad Turk,Crane (71),TLP,1967
PS-67,Shahnawaz Ali,,IND,638
PS-67,Shahjahan Ahmed Abbasi,,IND,586
PS-67,Mir Muhammad Soomro,,IND,446
PS-67,Abdul Latif Soomro,,IND,209
PS-67,Fayaz Rahim Katiar,,IND,182
PS-67,Wahid Bux,,IND,179
PS-67,Abdul Karim Soomro,,IND,86
PS-68,Muhammad Halepoto,Arrow (12),PPP,63348
PS-68,Mansoor Ali Nizamani,Star (259),GDA,14203
PS-68,Atta Ur Rahman,LOTUS کنول کا پھول,IND-PTI,3634
PS-68,Arif Aslam,Iron (147),PRP,1142
PS-68,Muhammad Moshin,Crane (71),TLP,1017
PS-68,Parveen,Scale (232),JIP,376
PS-68,Manzoor Ahmed,Tent (282),MML,322
PS-68,Ghazala,Book (31),JUIF,247
PS-68,Asad Kamal Khan,,IND,240
PS-68,Ali Arslan,,IND,82
PS-68,Idrees Ahmad,,IND,60
PS-68,Muhammad Saleh Halepoto,,IND,44
PS-69,Mir Allah Bux Talpur,Arrow (12),PPP,38759
PS-69,Mir Abdullah Khan,Star (259),GDA,33378
PS-69,Nawab Abu Bakar Talpur,FEATHER پر,IND-PTI,2583
PS-69,Mir Shahid Khan,,IND,1021
PS-69,devdat,,IND,822
PS-69,Abu bakar,,IND,590
PS-69,Zeenat,Crane (71),TLP,484
PS-69,Akbar,Scale (232),JIP,458
PS-69,Shaheen sehar,Iron (147),PRP,409
PS-69,Mir Ghullam Mustafa,,IND,287
PS-69,Mir Ali Hassan,,IND,286
PS-69,Salik Ur Rehman,,IND,270
PS-69,Jahanian Shah,,IND,121
PS-69,Mir Yar Muhammad,,IND,118
PS-69,Muhammad Hashim,,IND,88
PS-69,Gul Hassan,Book (31),JUIF,74
PS-70,Arbab Amir Amunallah,Arrow (12),PPP,44126
PS-70,Hassnain Ali Mirza,Star (259),GDA,36861
PS-70,Abdul Wahid,Book (31),JUIF,2830
PS-70,Muhammad Asif,Crane (71),TLP,1426
PS-70,Abdul Karim Baledi,Scale (232),JIP,1050
PS-70,Muhammad Fazil,,AT,558
PS-70,Pono,,IND,540
PS-70,Ali Akbar Lail,GOAT بکری,IND-PTI,513
PS-70,Abdullah,Iron (147),PRP,362
PS-70,Sajid Ali,Kite (159),MQM-P,185
PS-70,Arbab Inamullah,,IND,138
PS-70,Aslam,Tent (282),MML,114
PS-70,Sardar Ghullam Murtaza,,IND,104
PS-70,Muhammad Waseem Shah,,IND,103
PS-70,Abdul Razzaque Nizamani,,IND,85
PS-70,Ali Muhammad,,IND,77
PS-70,Arbab Muhammad Alam,,IND,69
PS-70,Mujahid Khowaja,,IND,57
PS-70,Dost Muhammad,,IND,54
PS-70,Imran Khan,,IND,51
PS-70,Arbab Anwar Jabbar,,IND,35
PS-71,Taj Muhammad,Arrow (12),PPP,41134
PS-71,Muhammad Hassam Mirza,Star (259),GDA,32477
PS-71,Sardar Kamal Khan Chang,,IND,6130
PS-71,Muhammad Ismail,Book (31),JUIF,3474
PS-71,Ashfaq Ahmed,GOAT بکری,IND-PTI,3037
PS-71,Abdul Rehman Soomro,Crane (71),TLP,1074
PS-71,Allah bachayo,Scale (232),JIP,969
PS-71,Hassnain Ali Mirza,,IND,917
PS-71,Muhammad Ismail Alias,,IND,853
PS-71,Noor Hassan,,IND,648
PS-71,Anwar Ali,,IND,406
PS-71,Mazhar,,IND,346
PS-71,Imran Khan,,IND,273
PS-71,Muhammad Rafique,,IND,183
PS-71,Noor Muhammad,Kite (159),MQM-P,126
PS-71,Mehmood Ahmed Usmani,Tent (282),MML,90
PS-71,Ali Asghar,,IND,90
PS-71,Gulzar Ahmad,,IND,88
PS-71,Sardar Ghullam Murtaza,,IND,60
PS-71,Abdul Fatah,,IND,59
PS-71,Abida,,IND,49
PS-72,Muhammad Ismail Rahu,Arrow (12),PPP,39849
PS-72,Ameer Hassan,Star (259),GDA,24296
PS-72,Hassan Ali Shah,BOWL پیالہ,IND-PTI,1525
PS-72,Ghulam Shabir,Crane (71),TLP,1220
PS-72,Attaullah,Book (31),JUIF,1116
PS-72,Ali Mardan Shah,Scale (232),JIP,742
PS-72,Muhammad Aslam Rahou,,IND,574
PS-72,Muhammad Atif Gujar,Tent (282),MML,495
PS-72,Imran Shah,,IND,453
PS-72,Muhammad Ali,,AT,330
PS-72,Saeed Ahmad,Kite (159),MQM-P,196
PS-72,Abdul Rehman Bazenjo,,IND,102
PS-72,Kamran,,IND,79
PS-72,Muhammad Adil rahou,,IND,79
PS-72,Mehar Ali,,IND,68
PS-72,Muhammad Faheem Akhtar,,IND,33
PS-73,Syed Shah Hussain Shah Sheerazi,Arrow (12),PPP,72942
PS-73,Muhammad Ismail Memon,Book (31),JUIF,6167
PS-73,Dhani Dino Jakhro,Crane (71),TLP,3386
PS-73,Deedar Ali,FRIDGE فریج,IND-PTI,1303
PS-73,Ghulam Qadir Laghari,,IND,589
PS-73,Manzoor Ali Mallah,Kite (159),MQM-P,374
PS-73,Muhammad Anwar Jakhro,Tent (282),MML,269
PS-73,Muhammad Juman sindhi,Boat (30),KS,249
PS-73,Shabir Hyder Shah,,IND,198
PS-73,Tufail Ahmad Khatti,,IND,126
PS-73,Abdul Aziz Somroo,,IND,118
PS-74,Muhammad Ali Malkani,Arrow (12),PPP,83900
PS-74,Abdul satar,,IND,14259
PS-74,Najeeb Ullah,Book (31),JUIF,3146
PS-74,Ghullam Sarwar Khatti,Crane (71),TLP,1648
PS-74,Muhammad Ashraf Thaheem,Boat (30),KS,944
PS-74,Lal Bux Jotoi,,IND,880
PS-74,Muhammad Azam Malkani,,IND,619
PS-74,Ghulam Rasool Khan,,IND,277
PS-74,Ghulam Fatima,Kite (159),MQM-P,185
PS-74,Shoukat Ali Malkani,,IND,181
PS-74,Muhammad Ismail Tararo,,IND,86
PS-74,Zeeshan Ali,,IND,70
PS-75,Riaz Hussain Shah Sheerazi,Arrow (12),PPP,80744
PS-75,Muhammad Arshad Memon,Book (31),JUIF,6596
PS-75,Abdullah Adam Gandro,Scale (232),JIP,3829
PS-75,Syed Amjad Hussain,DICE پانسہ,IND-PTI,3757
PS-75,Shahnawaz Panhwar,,IND,1606
PS-75,Syed Karim Dino Shah Sheerazi,,IND,836
PS-75,Mustafa Mir,,IND,652
PS-75,Mehar Ali Shah,Kite (159),MQM-P,519
PS-75,Syed Zain Ali Shah,,IND,441
PS-75,Nowab ali Brohi,,IND,418
PS-76,Meer Murtaza,CRICKET STUMPS کرکٹ وکٹ,IND-PTI,
PS-76,Ali Hassan,Arrow (12),PPP,71408
PS-76,Altaf Hussain Kachhi,Crane (71),TLP,4812
PS-76,Syed Ayaz Ali Shah,,IND,4297
PS-76,Abdul Jabbar Arain,Tiger (284),PML-N,2496
PS-76,Saeed Ur Rehman,Book (31),JUIF,1634
PS-76,Muhammad Ali Khan,Scale (232),JIP,875
PS-76,Sirajuddin,Kite (159),MQM-P,788
PS-76,Muhammad Umar Nahyo,Boat (30),KS,539
PS-76,Aashique Hussain,,IND,383
PS-77,Murad Ali Shah,Arrow (12),PPP,74613
PS-77,Roshan Ali Buriro,Star (259),GDA,10268
PS-77,Muhammad Farooq,CRICKET STUMPS کرکٹ وکٹ,IND-PTI,2899
PS-77,Manzoor Ahmad Halepoto,Crane (71),TLP,1450
PS-77,Syed Muhammad Ali Shah,,IND,974
PS-77,Dhani Bux Shah,,IND,757
PS-77,Nadeem Ahmed,Tent (282),MML,133
PS-77,Ali Abbas,,IND,130
PS-77,Ghulam Mujtaba Shah,,IND,130
PS-77,Abdul Haleem,,IND,84
PS-77,Ghulam Asghar Chandio,,IND,63
PS-77,Abdul Rahim,,IND,55
PS-77,Faheem Khaskheli,,IND,39
PS-77,Abdul Nabi Shah (Shah Hussain),,IND,33
PS-77,Meer Hassan Panhar,,IND,21
PS-77,Ghulam Murtaza Solangi,,IND,20
PS-78,Dr. Sikandar Ali Shoro,Arrow (12),PPP,51188
PS-78,Syed Muneer Haider,Star (259),GDA,10850
PS-78,Zahid Ali,CRICKET STUMPS کرکٹ وکٹ,IND-PTI,4538
PS-78,Shabnam Shakeel Ahmad,Scale (232),JIP,821
PS-78,Badaruddin,Crane (71),TLP,802
PS-78,Kahkashan,,IND,750
PS-78,Muhammad Jawaid,,IND,410
PS-78,Sadaf Raza Warraich,Tiger (284),PML-N,300
PS-78,Aijaz Ali,Tent (282),MML,145
PS-78,Muhammad Sadiq Shoro,,IND,82
PS-78,Roshan Ali Buriro,,IND,64
PS-78,Shakeel Umar,,IND,57
PS-78,Mushtaq Ahmad Abbasi,,IND,54
PS-78,Shahruk,,IND,47
PS-79,Malik Sikander Khan,Arrow (12),PPP,42959
PS-79,Malik Changez Khan,,IND,7849
PS-79,Peer Murtaza Shah,CRICKET STUMPS کرکٹ وکٹ,IND-PTI,5376
PS-79,Meer Ahmad,Star (259),GDA,1442
PS-79,Abdul Sattar Soomro,Crane (71),TLP,1090
PS-79,Dayo Mal Dayo,,IND,691
PS-79,Razia,Book (31),JUIF,578
PS-79,Wahab Uddin Palari,,IND,382
PS-79,Pardeep Kumar,,IND,265
PS-79,Nawab Khan,,IND,179
PS-79,Javed Akhtar,,IND,166
PS-79,Muhammad Tayyab Jan,Iron (147),PRP,152
PS-79,Shaheena Parveen,,IND,147
PS-79,Mian Khan,,IND,129
PS-79,Abdul Malik Talpur,Tent (282),MML,120
PS-79,Aijaz Rind,,IND,62
PS-80,Abdul Aziz Junejo,Arrow (12),PPP,52131
PS-80,Karim Ali Jatoi,Star (259),GDA,43815
PS-80,Ghulam Qadir,,IND,1592
PS-80,Taj Muhammad,Book (31),JUIF,1338
PS-80,Bashir Sodhar,Crane (71),TLP,789
PS-80,Shahid Hussain Shah,Kite (159),MQM-P,597
PS-80,Mir Murtaza,Scale (232),JIP,480
PS-80,Zahid Hussain Gadehi,Tent (282),MML,341
PS-80,Asghar Ali Sheikh,CRICKET STUMPS کرکٹ وکٹ,IND-PTI,333
PS-80,Ameer Hamza Jotoi,,IND,191
PS-80,Asghar Ali,,IND,99
PS-80,Zubair Ahmad Junejo,,IND,77
PS-81,Fayyaz Ali Butt,Arrow (12),PPP,54338
PS-81,Liaquat Ali Jatoi,Star (259),GDA,46963
PS-81,Parveen,Crane (71),TLP,420
PS-81,Abdullah,Scale (232),JIP,319
PS-81,Muhammad Masood Panhwer,Book (31),JUIF,258
PS-81,Talib Hussain Panhwar,Kite (159),MQM-P,192
PS-81,Nabi Bux Jatoi,,IND,124
PS-81,Imtiaz Ali Butt,,IND,116
PS-81,Madad Ali Sodhar,,IND,109
PS-81,Abdul Majeed,CRICKET STUMPS کرکٹ وکٹ,IND-PTI,83
PS-81,Zulfiquar Ali,Fist (105),PPP-SB,67
PS-81,Yaseen Mahesar,,JUPIN,59
PS-81,Muhammad Aslam Chandio,,IND,32
PS-81,Qazi Abdul Waheed Mahesar,,IND,27
PS-81,Abbas Ali,,IND,25
PS-81,Muhammad Ismail Siyal,,IND,21
PS-82,Pir Mujib ul Haq,Arrow (12),PPP,44565
PS-82,Ashique Ali Zounr,Star (259),GDA,19618
PS-82,Mushtaq Ahmad Abro,Crane (71),TLP,2990
PS-82,Zulfiqar Ali Mallah,CAKE کیک,IND-PTI,2642
PS-82,Aftab Ahmad,,IND,2466
PS-82,syed Ameer Ahmad,,IND,968
PS-82,Zameer Ahmad,Scale (232),JIP,957
PS-82,Shahid Ali zounr,,IND,527
PS-82,Imtiaz Ali,,IND,417
PS-82,Shahbaz Ali,,IND,256
PS-82,Shahid Ali,Kite (159),MQM-P,213
PS-82,Zaheer Ahmad,,IND,152
PS-82,Muhammad Qasim,,IND,146
PS-82,Javeed Ali Lund,,IND,141
PS-82,Karim Bux Siddiqui,Eagle (93),IPP,120
PS-82,Muhammad Ali Solangi,,IND,109
PS-82,Shahzad,,IND,76
PS-82,Safdar Hussain,,IND,66
PS-82,Mir Shujaullah Panhwar,,IND,58
PS-82,Ghulam Hyder Khoso,,IND,28
PS-82,Lal Bux,,IND,24
PS-83,Pir Syed Saleh Shah Jilani,Arrow (12),PPP,48944
PS-83,Imdad Hussain Leghari,Star (259),GDA,20712
PS-83,Pyaro Lund,,IND,6541
PS-83,Parial Khan Jamali,,IND,5983
PS-83,Sher Muhammad Babar,,IND,3247
PS-83,Abdul Karim Jamali,Crane (71),TLP,2016
PS-83,Ali Anwar Panhwar,DOLPHIN ڈولفن,IND-PTI,1301
PS-83,Sadique Ali Lund,Book (31),JUIF,1021
PS-83,Shah Passand,,JWP,639
PS-83,Muhammad Amin,Tent (282),MML,573
PS-83,Dr. Banda Ali Leghari,,IND,468
PS-83,Muhammad Bux Lund,Kite (159),MQM-P,280
PS-83,Ghullam Nabi,,IND,197
PS-83,Shakir Khan Shahani,,IND,190
PS-83,Abdul Majeed Solangi,,IND,149
PS-83,Shah Mureed Shah,,IND,114
PS-83,Syed Zafar Ali Shah,,IND,85
PS-83,Mir Shujaullah Panhwar,,IND,76
PS-84,Muhammad Yousuf Baloch,Arrow (12),PPP,25348
PS-84,Zain Ul Abedin Kolachi,CRICKET STUMPS کرکٹ وکٹ,IND-PTI,13437
PS-84,Saqib Hussain Ansari,Scale (232),JIP,8311
PS-84,Khurram Abbas,Tiger (284),PML-N,4018
PS-84,Ghulam Akbar,Crane (71),TLP,1829
PS-84,Abdul Ghani Jokhio,,IND,1372
PS-84,Tariq Ali,Star (259),GDA,410
PS-84,Qamar Uddin,,IND,406
PS-84,Syed Danish Habibullah,,IND,301
PS-84,Akhlaq Ahmed Baloch,,IND,201
PS-84,Ammar Abdullah Rafiq,Tent (282),MML,82
PS-84,Nazim Iqbal,,IND,73
PS-84,Zahid Shafi,,IND,61
PS-84,Sajid Mahmood,Lantern (162),ANP,55
PS-84,Yasir Ali Junejo,,IND,47
PS-84,Sabir Ali,,IND,30
PS-85,Muhammad Sajid,Arrow (12),PPP,27791
PS-85,Pir Hafeez Ullah,Tiger (284),PML-N,14304
PS-85,Mehwish Hassan Rao,TABLE TENNIS BAT ٹیبل ٹینس کا بیٹ,IND-PTI,9222
PS-85,Faiz Ahmed Faiz,Scale (232),JIP,4271
PS-85,Dilbar Shah,Crane (71),TLP,3398
PS-85,Jameela,,IND,2482
PS-85,Ali Muhammad,,IND,259
PS-85,Sardar Muhammad Khan,,IND,248
PS-85,Muhammad Ayub,Lantern (162),ANP,177
PS-85,Mohsin Nisar,,IND,127
PS-85,Adam Khan,Tent (282),MML,76
PS-85,Abdul Qadir Shar,Star (259),GDA,76
PS-85,Usman Haider,,PFP,74
PS-85,Qadir Bux,,IND,60
PS-85,Noor Hassan,,IND,48
PS-85,Urooj,,IND,43
PS-85,Shaukat Ali Jatt,,IND,40
PS-85,Junaid Anwar,,IND,38
PS-85,Abdul Hafeez Jokhio,,IND,34
PS-85,Sabir Imran,Tent (282),MWM,30
PS-85,Abdul Qayum,,IND,27
PS-85,Imran Ahmed,,IND,24
PS-85,Meharban Shah,,IND,14
PS-85,Imran Nazir,,IND,13
PS-85,Imdad Ali,,IND,10
PS-85,Muhammad Ismail Gabol,,IND,9
PS-85,Inayat Ullah,,IND,7
PS-85,Ayaz Ali Siyal,,IND,4
PS-86,Abdul Razaq Raja,Arrow (12),PPP,15017
PS-86,Muhammad Yaqoob,Tiger (284),PML-N,6633
PS-86,Muhammad Hanif,HUKKAH حقہ,IND-PTI,4010
PS-86,Khalid Khan,Scale (232),JIP,3359
PS-86,Muhammad Afzal,Crane (71),TLP,1965
PS-86,Muhammad Umer,,IND,825
PS-86,Gulzar Ali Jiskani,,IND,291
PS-86,Muhammad Zubair,,IND,214
PS-86,Muhammad Haris,Lantern (162),ANP,155
PS-86,Mushtaq Ahmed Buriro,,IND,123
PS-86,Muhammad Bilal,Tent (282),MML,67
PS-86,Jamshed Iqbal,,BPP,59
PS-86,Irfan Yaqoob,,IND,48
PS-86,Mir Murtaza Husain Shar,Star (259),GDA,31
PS-86,Muhammad Owais,,IND,27
PS-86,Nazia Khan,,IND,25
PS-86,Zubair Khan,,IND,25
PS-86,Fida Hussain,Butterfly (44),HQM,23
PS-86,Ghulam Akbar,,IND,22
PS-86,Rashid Nawaz,,IND,22
PS-86,Muhammad Rafiq,,IND,19
PS-86,Muhammad Rehan,,IND,17
PS-86,Abdul Moiz,,IND,13
PS-86,Yasir Haider,,IND,13
PS-87,Mahmood Alam Jamot,Arrow (12),PPP,19220
PS-87,Tause Khan,KETTLE کیتلی,IND-PTI,7703
PS-87,Mehran Ali Shah,Tiger (284),PML-N,7048
PS-87,Mohai Uddin Shah,Iron (147),PRP,6665
PS-87,Miraj Muhammad Khan,Scale (232),JIP,3120
PS-87,Hafiz Muhammad Imran,Crane (71),TLP,1521
PS-87,Abdul Rehman Khan Yousuf Zai,Lantern (162),ANP,464
PS-87,Muhammad Sajid,,IND,251
PS-87,Muhammad Arif Ali Khan,Tree (295),PKMAP,133
PS-87,Sheryar Khan,,IND,129
PS-87,Shams Ur Rehman,,IND,117
PS-87,Ali Hussain,,IND,91
PS-87,Aamir Aijaz,,IND,73
PS-87,Rozi Khan,,SKQM,71
PS-87,Kiran Masood,Kite (159),MQM-P,62
PS-87,Fozia Kausar,Star (259),GDA,50
PS-87,Muhammad Arif Khan,Fish (104),PMA,42
PS-87,Syed Ajmal Shah,,IND,39
PS-87,Ghaws Ul Hassan,,IND,14
PS-88,Ajaz Khan,CLOCK گھڑیال,IND-PTI,17580
PS-88,Syed Muzammil Shah,Arrow (12),PPP,12762
PS-88,Muhammad Firoz,Tiger (284),PML-N,7273
PS-88,Muhammad Nawaz,Scale (232),JIP,5339
PS-88,Khursheed Ali,Book (31),JUIF,4082
PS-88,Nazim Uddin Baloch,,IND,3263
PS-88,Saleem Khan Ghouri,Crane (71),TLP,1831
PS-88,Mohai Uddin Shah,Iron (147),PRP,1637
PS-88,Aijaz Ahmed,,IND,1183
PS-88,Dost Muhammad Khan,,IND,989
PS-88,Siraj Ahmed,Lantern (162),ANP,954
PS-88,Arshad,,IND,730
PS-88,Muhammad Yousaf,,SKQM,401
PS-88,Ahsan Ullah Shah,Butterfly (44),HQM,172
PS-88,Ahsan Khattak,,IND,159
PS-88,Bilal Khan Niyazi,,IND,152
PS-88,Shahid Khan,,IND,136
PS-88,Rashid Nawaz,,IND,75
PS-88,Muhammad Pervez,,IND,73
PS-88,Akhtar Zada,,IND,43
PS-88,Tariq Shamsi,,IND,32
PS-89,Muhammad Saleem,Arrow (12),PPP,25326
PS-89,Ahsan Khattak,RACKET ریکٹ,IND-PTI,15768
PS-89,Shoaib Haider,Scale (232),JIP,7223
PS-89,Khalid Latif,Crane (71),TLP,5843
PS-89,Hamid Uz Zafar,Kite (159),MQM-P,4139
PS-89,Moin Uddin Junaidi,,IND,2522
PS-89,Ejaz Ahmed,Tiger (284),PML-N,2501
PS-89,Muhammad Ashraf Samoo,,IND,1701
PS-89,Syed Shahid Ali Shah,,IND,1623
PS-89,Shakeel Ahmed,Iron (147),PRP,804
PS-89,Muhammad Afzal Zaib,,IND,683
PS-89,Syed Ali Abbas Abidi,,IND,567
PS-89,Sheezan,,IND,396
PS-89,Hafeez Ullah Khan,,SKQM,339
PS-89,Muhammad Anees,Tent (282),MML,251
PS-89,Syed Ata Muhammad Taran,,IND,227
PS-89,Hafeez Ur Rehman,,IND,203
PS-89,Syed Nasir Abbas,,IND,195
PS-89,Noor Ahmed,,IND,186
PS-89,Syed Yawar Abbas Zaidi,Eagle (93),IPP,144
PS-89,Raza Muhammad,Lantern (162),ANP,141
PS-89,Muhammad Babar Ansari,,IND,99
PS-89,Syed Aftab Alam,,IND,95
PS-89,Abdul Razzaq Zuberi Chishti,,JUI-N,89
PS-89,Muhammad Ashraf,,IND,72
PS-89,Noshad Ahmad Farooqi,Candle (50),MQM,59
PS-89,Saddam Hussain,,IND,54
PS-89,Muhammad Ilyas Chishti,,PML-Qayyum,51
PS-89,Tariq Aziz,,IND,46
PS-89,Liaqat Ali,,IND,42
PS-89,Muhammad Rizwan Khan,,IND,33
PS-89,Zulfiqar Haider,,IND,27
PS-89,Jasim Rohani,,IND,25
PS-89,Mastan Khan,,IND,24
PS-89,Bashir Muhammad,,IND,19
PS-89,Muhammad Ajaz Raza,,IND,18
PS-89,Waheed Khan,,IND,18
PS-89,Muhammad Akber,,IND,17
PS-89,Naeem Akhter,,IND,13
PS-89,Syed Ahsan Abbas,,IND,10
PS-89,Abdul Rehman,,IND,9
PS-89,Muhammad Azeem,,IND,9
PS-90,Shariq Jamal,Kite (159),MQM-P,35609
PS-90,Waqas Iqbal,DISH ANTENNA ڈش انٹینا,IND-PTI,32645
PS-90,Muhammad Wasim Mirza,Scale (232),JIP,27563
PS-90,Kashif Ali Khan,Crane (71),TLP,9619
PS-90,Ashraf Waheed,,IND,2972
PS-90,Shabnam Nasir,Arrow (12),PPP,2744
PS-90,Mian Muhammad Iqbal Tahir,Tiger (284),PML-N,1357
PS-90,Khurram Maqsood,Candle (50),MQM,539
PS-90,Abdul Saad,,IND,335
PS-90,Hassan Ali Katiyar,,IND,326
PS-90,Muhammad Arif,,JUPIN,318
PS-90,Abdul Faheem,,IND,272
PS-90,Saadullah Khan,,IND,262
PS-90,Ahsan Ali,,IND,205
PS-90,Syed Imran Haider Abdi,,IND,170
PS-90,Abdullah,,IND,150
PS-90,Mati Ullah,Tent (282),MML,136
PS-90,Shiekh Sumair Bin Azhar,,IND,130
PS-90,Ashfaq Ahmed Mangi,,IND,108
PS-90,Syed Akbar Shah Mewati,,IND,101
PS-90,Rehan Mohsin Khan,,IND,92
PS-90,Muhammad Saif Ullah,,IND,91
PS-90,Syed Shahrukh Hussain,,IND,88
PS-90,Sana Ullah Qureshi,,IND,86
PS-90,Muhammad Tariq Rana,,IND,82
PS-90,Muhammad Imran Siddiqui,,IND,78
PS-90,Mazhar Tariq,,IND,61
PS-90,Syed Zaman Ali Jafri,,IND,53
PS-90,Shah Rukh,,IND,47
PS-90,Muhammad Tariq,,IND,43
PS-90,Syed Sajid Tirmizi,,IND,43
PS-91,Muhammad Farooq,Scale (232),JIP,23499
PS-91,Abid Jilani,,IND,22732
PS-91,Rehan Ahmed,,IND,6194
PS-91,Muhammad Abubakar,Kite (159),MQM-P,5708
PS-91,Syed Hammad Hussain,CRICKET STUMPS کرکٹ وکٹ,IND-PTI,5024
PS-91,Nasir Uddin Mahmood,Tiger (284),PML-N,3702
PS-91,Muhammad Aftab Khan,Crane (71),TLP,3138
PS-91,Rehman Waheed Bajwa,Arrow (12),PPP,1836
PS-91,Mohammad Aftab Uddin Baqai,,IND,665
PS-91,Arif Azam,,IND,522
PS-91,Abdul Rehman,,IND,485
PS-91,Sheikh Jamil Ahmed,Candle (50),MQM,345
PS-91,Syed Abdul Rafay,Iron (147),PRP,282
PS-91,Noman Khan,Tent (282),MML,212
PS-91,Muhammad Affan,,IND,150
PS-91,Zeeshan Abbas Malik,Eagle (93),IPP,96
PS-91,Fayyaz Ahmed Tabassum,Motorcycle (179),PAT,94
PS-91,Saifullah,Star (259),GDA,88
PS-91,Ahsan Ali,,IND,83
PS-91,Mansoor Khan,,IND,80
PS-91,Adeel Azam,,IND,71
PS-91,Muhammad Pervez,,IND,54
PS-91,Nabeel Ahmed Khan,,IND,53
PS-91,Shahid Nawaz,,IND,47
PS-91,Pervaiz Ahmed,,IND,39
PS-91,Muhammad Saleem Raza Attari,,IND,37
PS-91,Hafiz Saad Yousuf,,IND,34
PS-91,Muhammad Abdul Qadeer Shareef,,IND,34
PS-91,Muhammad Asad Usmani,,IND,34
PS-91,Nargis Khan,,PDP,30
PS-91,Imam Bux,,IND,25
PS-92,Wajid Hussain Khan,CRICKET STUMPS کرکٹ وکٹ,IND-PTI,28276
PS-92,Mirza Farhan Baig,Scale (232),JIP,20830
PS-92,Arsalan Ahmed,Kite (159),MQM-P,10795
PS-92,Muhammad Kashif,Crane (71),TLP,7465
PS-92,Nighat Fatima,Candle (50),MQM,6994
PS-92,Shagufta Rafiq,,IND,6816
PS-92,Muhammad Rehan,Arrow (12),PPP,3310
PS-92,Muhammad Furqan,Iron (147),PRP,1067
PS-92,Muhammad Rafique,Tiger (284),PML-N,875
PS-92,Shakil Ahmed,,IND,480
PS-92,Jawaid Iqbal,,IND,402
PS-92,Naveed Abbas,,IND,314
PS-92,Muhammad Ali Patail,,IND,295
PS-92,Mansab Dar,,IND,283
PS-92,Nazimuddin,,IND,208
PS-92,Intekhab Alam,,IND,136
PS-92,Yameen,,IND,128
PS-92,Abdul Rehman,,IND,97
PS-92,Shukat Ali Khan Alizai,,IND,79
PS-92,Aurangzaib Khan,,IND,68
PS-92,Aminuddin,,IND,66
PS-92,Abdul Haq Khan,,IND,63
PS-93,Sajid Hussain,STILL CAMERA سٹل کیمرہ,IND-PTI,20372
PS-93,Abdul Hafeez,Scale (232),JIP,10832
PS-93,Javed Shaikh,Arrow (12),PPP,8920
PS-93,Yasir Uddin,Kite (159),MQM-P,7669
PS-93,Waqas Ali,Crane (71),TLP,6180
PS-93,Waleed Farough,,IND,1828
PS-93,Younus,Iron (147),PRP,1286
PS-93,Muhammad Shams Ur Rehman,Tiger (284),PML-N,1052
PS-93,Shafiq Ahmed,,IND,860
PS-93,Hasnain Ali,Candle (50),MQM,415
PS-93,Muhammad Hassan,,IND,277
PS-93,Tahir Hameed,,IND,268
PS-93,Saeeda Ali Bukhari,,IND,239
PS-93,Ali Nawab,Eagle (93),IPP,194
PS-93,Muhammad Adil,,IND,177
PS-93,Ahmed Raza,,IND,167
PS-93,Muzzamil Mumtaz,,IND,157
PS-93,Uzma Kamran,Star (259),GDA,154
PS-93,Muhammad Zahoor,,IND,132
PS-93,Shamsul Arfeen,,IND,131
PS-93,Muhammad Hayat,,IND,124
PS-93,Shehzada Saleem,,IND,109
PS-93,Khurram Shahid,Tractor (292),PML,101
PS-93,Shabbir Ahmed Qaimkhani,,IND,96
PS-93,Muhammad Imran,,IND,79
PS-93,Syed Akhtar Ali,,IND,66
PS-93,Shaheen Khan,,IND,44
PS-93,Mubashir Iqbal Qureshi,,IND,26
PS-94,Najam Mirza,Kite (159),MQM-P,24161
PS-94,Arshad Hussain,Scale (232),JIP,19633
PS-94,Abdul Qadeer,STILL CAMERA سٹل کیمرہ,IND-PTI,19024
PS-94,Muhammad Qasim,Crane (71),TLP,10203
PS-94,Imran Ahmed Siddiqui,Arrow (12),PPP,4173
PS-94,Mirza Reaz Hussain,,IND,1772
PS-94,Syed Mehmood Ali,,IND,1663
PS-94,Abdul Imran,Tiger (284),PML-N,1261
PS-94,Sheraz Hussain Shaikh,Iron (147),PRP,844
PS-94,Noor Muhammad Hameed,Candle (50),MQM,435
PS-94,Muhammad Faizan Azeez,,IND,371
PS-94,Muhammad Mazhar Jaffar,,BPP,336
PS-94,Malik Shahzain Ahmed,,IND,330
PS-94,Muhammad Bilal,,IND,198
PS-94,Muhammad Umair Shakeel,Tent (282),MML,184
PS-94,Syed Mahmood Saeed,,IND,182
PS-94,Muhammad Ali Khan,,IND,172
PS-94,Faisal Ali Baloch,Star (259),GDA,141
PS-94,Faizan Ahmed Butt,,IND,108
PS-94,Rajab Ali Chishti,,JUPIN,90
PS-94,Muhammad Iqbal,,IND,69
PS-94,Naveed Saleem,,IND,61
PS-94,Syed Ahmer Ali,,IND,54
PS-94,Muhammad Jibran Haider,,IND,40
PS-95,Sarfaraz Asghar,,PIRP,
PS-95,Muhammad Farooq Awan,Arrow (12),PPP,16386
PS-95,Raja Azhar Khan,CRICKET STUMPS کرکٹ وکٹ,IND-PTI,11027
PS-95,Mansoor Feroz,Scale (232),JIP,7118
PS-95,Shamshad Khan,Kite (159),MQM-P,4045
PS-95,Muhammad Ehsan,Tiger (284),PML-N,3326
PS-95,Muhammad Atif Khan,,IND,2748
PS-95,Muhammad Hassan,Crane (71),TLP,2001
PS-95,Muhammad Younus,Iron (147),PRP,1462
PS-95,Asif Latif,,IND,369
PS-95,Ibrahim Banglani,,IND,229
PS-95,Syed Tahir Hussain Shah,,IND,111
PS-95,Abdul Shakoor Saeedi,,IND,100
PS-95,Muhammad Fareed,Candle (50),MQM,81
PS-95,Mian Muhammad Ilyas Rasheed,,IND,81
PS-95,Muhammad Ashraf Qureshi,Star (259),GDA,69
PS-95,Nadeem Sajid,Eagle (93),IPP,61
PS-95,Shazia Junaid,,IND,47
PS-95,Qurat Ul Ain Khan,,IND,43
PS-95,Usman Ghani,,IND,41
PS-95,Ghulam Nabi,,IND,39
PS-95,Israr Khan,Lantern (162),ANP,38
PS-95,Muhammad Waqas,,NDM,35
PS-95,Nasrat Ullah,,IND,32
PS-95,Saad Ullah Kalhoro,,IND,27
PS-95,Raja Sadam Khan Janjua,,IND,26
PS-95,Bibi Amna,,IND,25
PS-95,Farid Ullah,,IND,25
PS-95,Syed Ahmer Ali,,IND,22
PS-95,Fida Muhammad,,IND,20
PS-96,Muhammad Owais,CRICKET STUMPS کرکٹ وکٹ,IND-PTI,16997
PS-96,Shafiq Ahmed,Scale (232),JIP,9644
PS-96,Muhammad Sharjeel Humayun,Arrow (12),PPP,6683
PS-96,Ali Akbar,Tiger (284),PML-N,5725
PS-96,Shabbir Ahmed Qaimkhani,Kite (159),MQM-P,4093
PS-96,Muhammad Waris Khan,Crane (71),TLP,2887
PS-96,Muhammad Danish Khan,,IND,2625
PS-96,Ameer Muavia,Iron (147),PRP,2156
PS-96,Abdul Rehman Khan,,IND,1543
PS-96,Asim Hussain,Candle (50),MQM,932
PS-96,Ahsan Khan,,SKQM,861
PS-96,Muhammad Asad,Lantern (162),ANP,669
PS-96,Waqas Khan,Star (259),GDA,512
PS-96,Syeda Shazia Toquair,,IND,378
PS-96,Rao Nadeem Ahmed,,IND,250
PS-96,Abdul Shafiq,,IND,249
PS-96,Amir Maqsood,,IND,215
PS-96,Abdul Sattar,,IND,139
PS-96,Arshad Ali Khan,,PML-Z,99
PS-96,Hazar Khan,Tent (282),MML,95
PS-96,Shaheryar Afzal,,IND,90
PS-96,Farrukh Yaseen,,IND,80
PS-96,Shah Jahan,Eagle (93),IPP,78
PS-96,Hafeez Ullah,,IND,76
PS-96,Muhammad Bilal,,IND,74
PS-96,Ismail Shah,,MOTP,65
PS-96,Muhammad Faisal Abbasi,,IND,54
PS-96,Moin Akhtar,,IND,48
PS-96,Fareed Muhammad,,IND,45
PS-96,Muhammad Imran,,IND,45
PS-96,Muhammad Farooq,,IND,44
PS-96,Muhammad Rafay Chawla,,IND,42
PS-96,Syeda Asia,,IND,40
PS-96,Adnan Hussain,,IND,33
PS-96,Rida Asim,,IND,32
PS-96,Rao Liaquat Ali,,IND,30
PS-96,Syed Abdul Rafay,,IND,14
PS-96,Abdullah Banglani,,IND,13
PS-96,Muhammad Jameel,,IND,11
PS-96,Naveed Akhter,,IND,11
PS-96,Rabnawaz Shar,,IND,10
PS-97,Shoukat Ali,Kite (159),MQM-P,4997
PS-97,Bashir Ahmed,Arrow (12),PPP,4277
PS-97,Bashir Ahmed Sodar,CRICKET STUMPS کرکٹ وکٹ,IND-PTI,2110
PS-97,Muhammad Khalid Siddiqui,Scale (232),JIP,2004
PS-97,Fahad Shafiq,Tiger (284),PML-N,1755
PS-97,Muhammad Aslam Ghauri,Book (31),JUIF,863
PS-97,Naseeb Ullah,Crane (71),TLP,768
PS-97,Majid Khan,,IND,217
PS-97,Muhammad Sabir Siddiqui,,SKQM,210
PS-97,Ahmed Nadeem Awan,Tent (282),MML,123
PS-97,Osama Bin Iqbal,,IND,123
PS-97,Muhammad Rahim,,IND,105
PS-97,Manzoor Barfat,,IND,66
PS-97,Maqsood Ali,,IND,47
PS-97,Rajab Ali,Boat (30),KS,41
PS-97,Saeed Khan,Motorcycle (179),PAT,32
PS-97,Adam Khan,,IND,28
PS-97,Liaquat Khan,,IND,26
PS-97,Syed Uzair Ali,Star (259),GDA,25
PS-97,Habib Ullah,,IND,24
PS-97,Noor Ullah,Lantern (162),ANP,23
PS-97,Abdullah,,JUP-S,22
PS-97,Muhammad Ali,,IND,21
PS-97,Awal Khan,,IND,18
PS-97,Rehan Soomro,,IND,17
PS-97,Aslam Shah,,IND,15
PS-97,Muhammad Ghayas,,IND,14
PS-97,Muhammad Jameel,,IND,13
PS-97,Pandhi Khan,,IND,13
PS-97,Noor Ullah,,IND,8
PS-97,Taj Muhammad,,IND,8
PS-97,Jalil Ahmed Mugheri,,IND,7
PS-97,Amir Bux,,IND,6
PS-97,Noor Zaman,,IND,6
PS-97,Amanullah Khan,,IND,5
PS-97,Hayat Ullah,,IND,5
PS-97,Muhammad Mazhar Saeed,,IND,5
PS-97,Abdul Sattar,,IND,4
PS-98,Abu Muhammad Farhan Syed,Crane (71),TLP,
PS-98,Muhammad Ali Murtaza,Iron (147),PRP,
PS-98,Dedar Ali,Fist (105),PPP-SB,
PS-98,Abdul Qayyum,Tent (282),MML,
PS-98,Syed Ali Hussain,Eagle (93),IPP,
PS-98,Piyaro Khan Phulpoto,Star (259),GDA,
PS-98,Arsalan Perwaiz,Kite (159),MQM-P,13903
PS-98,Hammad Ullah Khan,Scale (232),JIP,5551
PS-98,Jansher Junejo,LAPTOP لیپ ٹاپ,IND-PTI,4450
PS-98,Hakim Ali Jiskani,Arrow (12),PPP,3923
PS-98,Karim Bux Gabol,Tiger (284),PML-N,857
PS-98,Rahman Dino Mahesar,,IND,46
PS-99,Syed Farhan Ansari,Kite (159),MQM-P,26658
PS-99,Muhammad Yunus Barai,Scale (232),JIP,22321
PS-99,Masti Khan Masood,Arrow (12),PPP,7337
PS-99,Zain Pervez,CRICKET STUMPS کرکٹ وکٹ,IND-PTI,5038
PS-99,Abdul Rahim,Crane (71),TLP,4708
PS-99,Muhammad Amin,Tiger (284),PML-N,1493
PS-99,Sher Muhammad,,MOTP,371
PS-99,Syed Wajhi Ul Abbas,,IND,348
PS-99,Shahid Hussain,,IND,344
PS-99,Shahid Ahmed,,IND,301
PS-99,Muhammad Yousuf Khan,Tent (282),MML,257
PS-99,Muhammad Arsalan Khan,,IND,234
PS-99,Muhammad Irfan Rasool,,IND,216
PS-99,Arifullah,,IND,184
PS-99,Muhammad Shoaib,Iron (147),PRP,164
PS-99,Abdul Rahim Khan,,IND,163
PS-99,Syed Haris Nadeem,,PCP,70
PS-99,Bilal Ahmed Bhutto,,IND,61
PS-99,Erum Saleem,,IND,59
PS-99,Syed Aleem Uddin Ali,,IND,49
PS-99,Syed Ashraf Hameed,,IND,45
PS-99,Syed Adeeb Haider,,IND,38
PS-99,Amanullah Khan,,IND,37
PS-99,Syed Umair Uddin Hussain,,IND,23
PS-99,Naqeebullah,,IND,7